language,glottocode,family,area,longitude,latitude,Rec.P,RecRef.I,RecRef.D,ContQInitial,ContQNonInitial,NumNoun,NounNum,DegWAdj,AdjDegW,GenN,NGen,AdjN,NAdj,PossAff.P,PossPre,PossSuff,ComInst,NPconj,NVconj,DefArt,IndefArt,PronomS,IndefPron,PronDem,DemDis,PronAdnDem,IntRef,GenPron,Gender,Gender.n,NegMorph,NPlural,OrdNum,DistNum,AdpN,DemN,NegV,OXV,RelN,Passive,Optative,Prohibitive,Imperative,AdpPM,PolarQ,PossClass,PossLocus,Reduplication,Future,Past,Aspect,Vper,SOV,Head.driven.agr,Construct.state,Juxtaposition,Governed,Mod.headed.poss.agr,Linker,Incorporation,Dep.driven.agr,Pronominal.agr,Anti.const.state.agr,Mod.governed.adp,External.driven.agr,External.Poss,Bare.noun,Nominalizer,Agr.Number,Agr.Gender,Agr.Case,Agr.State,Agr.none,Agr.Person,Agr.Role,NPHeadlessness,ClausePosition,NumClass.n,Alignment,VInflCat
Abkhaz,abkh1244,Abkhazian-Ubykh,universal,41,43.08333333,TRUE,FALSE,TRUE,FALSE,TRUE,TRUE,TRUE,TRUE,FALSE,TRUE,FALSE,FALSE,TRUE,FALSE,TRUE,FALSE,Differentiation,And different from with,Identity,Definite word distinct from demonstrative,Indefinite word same as one,Subject affixes on verb,Special,NA,Twoway contrast,Identical,Differentiated,In 3rd person  1st andor 2nd person,Semantic,Three,Negative affix,Plural suffix,Firstoneth twoth threeth,Marked by mixed or other strategies,Postpositions,DemonstrativeNoun,Type 3  Type 4,XOV,Relative clauseNoun,Absent,Inflectional optative present,Special imperative  normal negative,Second singular and second plural,Pronouns and nouns,No question particle,No possessive classification,Head marking,Productive full and partial reduplication,Inflectional future exists,Present no remoteness distinctions,Grammatical marking,Both the A and P arguments,SOV,TRUE,FALSE,FALSE,FALSE,FALSE,FALSE,FALSE,FALSE,FALSE,FALSE,FALSE,FALSE,FALSE,FALSE,FALSE,TRUE,FALSE,FALSE,FALSE,FALSE,FALSE,FALSE,NA,NA,0,SvAtrvP,high
Alamblak,alam1246,Sepik Hill,universal,143.3333333,-4.666666667,NA,NA,NA,FALSE,TRUE,TRUE,FALSE,FALSE,TRUE,TRUE,FALSE,TRUE,FALSE,TRUE,NA,NA,Differentiation,And different from with,Differentiation,Definite word distinct from demonstrative,No indefinite but definite article,Subject affixes on verb,NA,Related by gender markers,Twoway contrast,Identical,Identical,3rd person singular only,Semantic,Two,Negative particle,Plural clitic,First twoth threeth,NA,Postpositions,DemonstrativeNoun,NegV,No dominant order,Relative clauseNoun,Absent,Inflectional optative absent,Special imperative  special negative,Second singular and second plural,No person marking,No question particle,No possessive classification,Dependent marking,Productive full and partial reduplication,Inflectional future exists,Present 23 remoteness distinctions,Grammatical marking,Both the A and P arguments,SOV,NA,NA,NA,NA,NA,NA,NA,NA,NA,NA,NA,NA,NA,NA,NA,NA,NA,NA,NA,NA,NA,NA,NA,flexiblerelational,0,SvAtrvP,medium
Amele,amel1241,Croisilles,universal,145.5833333,-5.25,FALSE,FALSE,FALSE,FALSE,TRUE,FALSE,TRUE,FALSE,TRUE,TRUE,FALSE,FALSE,TRUE,FALSE,FALSE,TRUE,Differentiation,And identical to with,Differentiation,No definite but indefinite article,Indefinite word distinct from one,NA,Genericnounbased,Unrelated,Threeway contrast,Identical,Identical,No gender distinctions,No gender,None,Negative particle,Mixed morphological plural,Firstoneth twoth threeth,No distributive numerals,Postpositions,NounDemonstrative,OptDoubleNeg,XOV,NounRelative clause,Absent,Inflectional optative absent,Special imperative  special negative,No secondperson imperatives,No person marking,Final,More than five classes,Dependent marking,Productive full and partial reduplication,Inflectional future exists,Present 23 remoteness distinctions,No grammatical marking,Both the A and P arguments,SOV,FALSE,FALSE,TRUE,FALSE,FALSE,FALSE,FALSE,FALSE,FALSE,FALSE,FALSE,FALSE,FALSE,FALSE,FALSE,NA,NA,NA,NA,NA,NA,NA,NA,fixedpremain,0,SvAtrvP,low
Amharic,amha1245,West Semitic,universal,38,10,NA,NA,NA,FALSE,TRUE,TRUE,FALSE,NA,NA,TRUE,FALSE,TRUE,FALSE,FALSE,FALSE,TRUE,NA,And different from with,NA,Definite word distinct from demonstrative,Indefinite word same as one,Subject affixes on verb,NA,NA,NA,NA,Identical,In 3rd person  1st andor 2nd person,Semantic and formal,Two,Double negation,Plural suffix,NA,Marked by reduplication,No dominant order,DemonstrativeNoun,ObligDoubleNeg,NA,Relative clauseNoun,Present,NA,Special imperative  special negative,Second singular and second plural,Pronouns only,NA,No possessive classification,NA,Productive full and partial reduplication,No inflectional future,Present no remoteness distinctions,No grammatical marking,Both the A and P arguments,SOV,NA,NA,NA,NA,NA,NA,NA,NA,NA,NA,NA,NA,NA,NA,NA,TRUE,TRUE,FALSE,FALSE,FALSE,TRUE,FALSE,OK,NA,0,SvAtrxP,low
Amur Nivkh,gily1242,NA,universal,142,53.33333333,TRUE,FALSE,TRUE,FALSE,TRUE,TRUE,TRUE,NA,NA,TRUE,FALSE,TRUE,FALSE,FALSE,TRUE,FALSE,Differentiation,NA,Differentiation,NA,NA,Optional pronouns in subject position,Interrogativebased,Related for nonhuman reference,Twoway contrast,Different inflection,NA,No gender distinctions,No gender,None,Negative affix,Plural suffix,First two three,Marked by mixed or other strategies,Postpositions,DemonstrativeNoun,OptDoubleNeg,NA,Relative clauseNoun,Absent,Inflectional optative absent,NA,Second singular and second plural,Pronouns only,Final,NA,Head marking,Full reduplication only,Inflectional future exists,No past tense,No grammatical marking,No person marking,SOV,TRUE,FALSE,FALSE,FALSE,FALSE,FALSE,FALSE,FALSE,FALSE,FALSE,FALSE,FALSE,FALSE,FALSE,FALSE,NA,NA,NA,NA,NA,NA,NA,NA,NA,30,SvAtrvP,medium
Apurinã,apur1254,Apurina-Piro-Iñapari,universal,-67,-9,TRUE,FALSE,TRUE,TRUE,FALSE,TRUE,FALSE,NA,NA,TRUE,FALSE,FALSE,TRUE,FALSE,TRUE,FALSE,NA,NA,Both expressed by juxtaposition,No definite or indefinite article,No definite or indefinite article,Subject affixes on verb,NA,Related by gender markers,Twoway contrast,Identical,Differentiated,3rd person singular only,Semantic and formal,Two,Negative particle,Plural suffix,None,NA,Postpositions,DemonstrativeNoun,NegV,No dominant order,NounRelative clause,Present,Inflectional optative absent,NA,Second plural,No adpositions,No question particle,No possessive classification,Head marking,No productive reduplication,Inflectional future exists,No past tense,No grammatical marking,Both the A and P arguments,SVO,FALSE,FALSE,TRUE,FALSE,FALSE,FALSE,FALSE,FALSE,FALSE,FALSE,FALSE,FALSE,FALSE,FALSE,FALSE,NA,NA,NA,NA,NA,NA,NA,NA,NA,0,SvAtrvP,high
Awa-Cuaiquer,awac1239,NA,universal,-78.25,1.5,NA,NA,NA,FALSE,TRUE,TRUE,FALSE,TRUE,FALSE,TRUE,FALSE,TRUE,FALSE,TRUE,NA,NA,NA,NA,NA,No definite or indefinite article,No definite or indefinite article,Subject affixes on verb,Interrogativebased,Related for nonhuman reference,NA,NA,Differentiated,No gender distinctions,No gender,None,Double negation,Plural suffix,None,NA,Postpositions,DemonstrativeNoun,ObligDoubleNeg,XOV,NA,Absent,Inflectional optative absent,Special imperative  special negative,Second singular and second plural,No person marking,Final,No possessive classification,Dependent marking,No productive reduplication,Inflectional future exists,Present no remoteness distinctions,Grammatical marking,A or P argument,SOV,FALSE,FALSE,FALSE,TRUE,FALSE,FALSE,FALSE,FALSE,FALSE,FALSE,FALSE,FALSE,FALSE,FALSE,FALSE,NA,NA,NA,NA,NA,NA,NA,NA,NA,NA,SvAtrxP,medium
Bagirmi,bagi1246,NA,universal,16,11.66666667,TRUE,FALSE,TRUE,FALSE,TRUE,FALSE,TRUE,NA,NA,FALSE,TRUE,FALSE,TRUE,FALSE,FALSE,TRUE,Differentiation,NA,Differentiation,Definite word distinct from demonstrative,No indefinite but definite article,NA,Genericnounbased,Unrelated,NA,NA,Identical,No gender distinctions,No gender,None,Negative particle,Plural clitic,NA,NA,Prepositions,NounDemonstrative,VNeg,VOX,NounRelative clause,Absent,Inflectional optative absent,Normal imperative  normal negative,No secondperson imperatives,Pronouns only,Final,No possessive classification,No marking,Full reduplication only,No inflectional future,No past tense,Grammatical marking,Both the A and P arguments,SVO,FALSE,FALSE,FALSE,TRUE,FALSE,FALSE,FALSE,FALSE,FALSE,FALSE,FALSE,FALSE,FALSE,FALSE,FALSE,NA,NA,NA,NA,NA,NA,NA,NA,NA,NA,mixed,medium
Barasana-Eduria,bara1380,NA,universal,-70.66666667,-0.166666667,NA,NA,NA,TRUE,FALSE,TRUE,FALSE,NA,NA,TRUE,FALSE,TRUE,TRUE,TRUE,NA,NA,Identity,NA,NA,NA,NA,Subject affixes on verb,NA,Related to remote demonstratives,Threeway contrast,Identical,NA,3rd person singular only,Semantic,Three,Negative affix,Plural suffix,None,NA,Postpositions,DemonstrativeNoun,VNeg,OXV,NounRelative clause,Absent,Inflectional optative absent,Normal imperative  normal negative,Second person numberneutral,No person marking,No question particle,Two classes,Head marking,No productive reduplication,No inflectional future,Present 23 remoteness distinctions,No grammatical marking,Only the A argument,No dominant order,FALSE,TRUE,FALSE,FALSE,FALSE,FALSE,FALSE,FALSE,FALSE,FALSE,FALSE,FALSE,FALSE,FALSE,FALSE,NA,NA,NA,NA,NA,NA,NA,NA,NA,NA,SvAtrxP,low
Basque,basq1248,NA,universal,-3,43,TRUE,FALSE,TRUE,FALSE,TRUE,TRUE,FALSE,TRUE,FALSE,TRUE,FALSE,FALSE,TRUE,TRUE,NA,NA,Differentiation,And different from with,Identity,Definite word distinct from demonstrative,Indefinite word same as one,Subject affixes on verb,Interrogativebased,Related for all demonstratives,Threeway contrast,Identical,Differentiated,No gender distinctions,No gender,None,Negative particle,Plural clitic,First twoth threeth,Marked by suffix,Postpositions,NounDemonstrative,NegV,XOV,Relative clauseNoun,Present,Inflectional optative absent,Normal imperative  normal negative,Second singular and second plural,No person marking,Other position,No possessive classification,Dependent marking,Productive full and partial reduplication,Inflectional future exists,Present no remoteness distinctions,Grammatical marking,Both the A and P arguments,SOV,FALSE,FALSE,FALSE,TRUE,FALSE,FALSE,FALSE,FALSE,FALSE,FALSE,FALSE,FALSE,FALSE,FALSE,FALSE,NA,NA,NA,NA,NA,NA,NA,NA,NA,0,SvPxAtr,low
Bukiyip,buki1249,Kombio,universal,143.1666667,-3.466666667,FALSE,FALSE,FALSE,FALSE,TRUE,TRUE,FALSE,NA,NA,TRUE,TRUE,TRUE,FALSE,NA,NA,NA,Differentiation,NA,NA,NA,Indefinite word distinct from one,Subject affixes on verb,NA,Related to nonremote demonstratives,Twoway contrast,Identical,NA,3rd person only but also nonsingular,Semantic and formal,Five or more,Negative particle,Plural suffix,None,NA,Prepositions,DemonstrativeNoun,OptDoubleNeg,NA,NA,Absent,Inflectional optative absent,Normal imperative  special negative,Second singular and second plural,No adpositions,Final,No possessive classification,Dependent marking,Productive full and partial reduplication,Inflectional future exists,No past tense,No grammatical marking,Both the A and P arguments,SVO,TRUE,FALSE,FALSE,TRUE,FALSE,FALSE,FALSE,FALSE,FALSE,FALSE,FALSE,FALSE,FALSE,FALSE,FALSE,NA,NA,NA,NA,NA,NA,NA,NA,NA,0,SvAtrvP,low
Burmese,nucl1310,Lolo-Burmese,universal,96,21,FALSE,FALSE,FALSE,FALSE,TRUE,FALSE,TRUE,TRUE,FALSE,TRUE,FALSE,FALSE,TRUE,NA,NA,NA,NA,And identical to with,NA,No definite or indefinite article,No definite or indefinite article,Optional pronouns in subject position,NA,Unrelated,Twoway contrast,NA,Identical,3rd person singular only,No gender,None,Double negation,Plural word,Various,Marked by suffix,Postpositions,DemonstrativeNoun,ObligDoubleNeg,No dominant order,Relative clauseNoun,Absent,Inflectional optative absent,Normal imperative  special negative,No secondperson imperatives,No person marking,No question particle,No possessive classification,Dependent marking,Full reduplication only,No inflectional future,No past tense,No grammatical marking,No person marking,SOV,FALSE,FALSE,TRUE,FALSE,FALSE,FALSE,FALSE,FALSE,FALSE,FALSE,FALSE,FALSE,FALSE,FALSE,FALSE,NA,NA,NA,NA,NA,NA,NA,NA,NA,NA,SvAtrxP,low
Burushaski,buru1296,NA,universal,74.5,36.5,TRUE,FALSE,TRUE,FALSE,TRUE,TRUE,FALSE,TRUE,FALSE,TRUE,FALSE,TRUE,FALSE,FALSE,TRUE,FALSE,Differentiation,And different from with,Identity,Demonstrative word used as definite article,NA,Subject affixes on verb,Interrogativebased,Related to remote demonstratives,Twoway contrast,Different inflection,Identical,3rd person singular only,Semantic,Four,Negative affix,Plural suffix,First twoth threeth,Marked by reduplication,Postpositions,DemonstrativeNoun,NegV,NA,Relative clauseNoun,Present,Inflectional optative absent,Normal imperative  normal negative,Second singular and second plural,Pronouns only,No question particle,Three to five classes,Double marking,NA,Inflectional future exists,Present no remoteness distinctions,Grammatical marking,Both the A and P arguments,SOV,FALSE,FALSE,FALSE,FALSE,TRUE,FALSE,FALSE,FALSE,FALSE,FALSE,FALSE,FALSE,FALSE,FALSE,FALSE,TRUE,TRUE,FALSE,FALSE,FALSE,TRUE,FALSE,NA,flexibleadjacent,0,NA,medium
Canela-Krahô,cane1242,Ge,universal,-45,-7,NA,NA,NA,TRUE,FALSE,NA,NA,NA,NA,TRUE,FALSE,FALSE,TRUE,FALSE,TRUE,FALSE,NA,And identical to with,Differentiation,No definite or indefinite article,No definite or indefinite article,NA,Interrogativebased,Unrelated,Twoway contrast,Identical,Differentiated,No gender distinctions,No gender,None,Negative particle,No plural,None,NA,Postpositions,NounDemonstrative,VNeg,XOV,Mixed,Absent,NA,Normal imperative  normal negative,Second person numberneutral,Pronouns only,Initial,No possessive classification,Dependent marking,Productive full and partial reduplication,No inflectional future,Present 23 remoteness distinctions,No grammatical marking,Only the P argument,SOV,FALSE,FALSE,TRUE,FALSE,FALSE,FALSE,FALSE,FALSE,FALSE,FALSE,FALSE,FALSE,FALSE,FALSE,FALSE,NA,NA,NA,NA,NA,NA,NA,NA,NA,0,NA,low
Central Kanuri,cent2050,NA,universal,13,12,NA,NA,NA,TRUE,FALSE,FALSE,TRUE,FALSE,TRUE,FALSE,TRUE,FALSE,TRUE,FALSE,FALSE,TRUE,Differentiation,And identical to with,Differentiation,Definite word distinct from demonstrative,Indefinite word distinct from one,Subject affixes on verb,NA,Unrelated,Twoway contrast,NA,NA,No gender distinctions,No gender,None,Negative affix,Plural suffix,Firstoneth twoth threeth,NA,Postpositions,NounDemonstrative,VNeg,OXV,NounRelative clause,Present,Inflectional optative absent,Special imperative  special negative,Second singular and second plural,No person marking,No question particle,No possessive classification,Dependent marking,Productive full and partial reduplication,Inflectional future exists,Present no remoteness distinctions,Grammatical marking,Both the A and P arguments,SOV,NA,NA,NA,NA,NA,NA,NA,NA,NA,NA,NA,NA,NA,NA,NA,NA,NA,NA,NA,NA,NA,NA,NA,NA,NA,NA,NA
Central Moroccan Berber,cent2194,NA,universal,-5,33,TRUE,FALSE,TRUE,TRUE,FALSE,TRUE,FALSE,NA,NA,FALSE,TRUE,FALSE,TRUE,FALSE,FALSE,TRUE,Differentiation,And identical to with,Differentiation,NA,NA,Subject affixes on verb,NA,Unrelated,NA,NA,NA,In 3rd person  1st andor 2nd person,Semantic and formal,Two,Negative particle,Mixed morphological plural,First twoth threeth,NA,Prepositions,Mixed,NA,VOX,NounRelative clause,Present,Inflectional optative absent,Special imperative  normal negative,Second singular and second plural,Pronouns only,Initial,Two classes,Dependent marking,Productive full and partial reduplication,No inflectional future,No past tense,Grammatical marking,Both the A and P arguments,VSO,TRUE,FALSE,FALSE,TRUE,FALSE,FALSE,FALSE,FALSE,FALSE,FALSE,FALSE,FALSE,FALSE,FALSE,FALSE,NA,NA,NA,NA,NA,NA,NA,NA,NA,0,SvAtrxP,medium
Chamorro,cham1312,Malayo-Polynesian,universal,144.75,13.45,TRUE,FALSE,TRUE,TRUE,TRUE,TRUE,FALSE,TRUE,FALSE,FALSE,TRUE,TRUE,FALSE,FALSE,FALSE,TRUE,NA,And identical to with,Identity,Definite word distinct from demonstrative,NA,NA,NA,Unrelated,Threeway contrast,Identical,Identical,No gender distinctions,No gender,None,Negative particle,Plural word,First twoth threeth,Marked by mixed or other strategies,Prepositions,DemonstrativeNoun,NegV,NA,NounRelative clause,Present,Inflectional optative absent,Normal imperative  special negative,NA,Pronouns only,Initial,No possessive classification,Head marking,Productive full and partial reduplication,No inflectional future,No past tense,Grammatical marking,Only the A argument,VSO,FALSE,FALSE,FALSE,FALSE,FALSE,TRUE,FALSE,FALSE,FALSE,FALSE,FALSE,FALSE,FALSE,FALSE,FALSE,NA,NA,NA,NA,NA,NA,NA,NA,NA,3,NA,medium
Chukchi,chuk1273,Chukotkan,universal,-173,67,TRUE,FALSE,TRUE,FALSE,TRUE,TRUE,FALSE,NA,NA,TRUE,FALSE,TRUE,FALSE,TRUE,NA,NA,Differentiation,And different from with,Identity,No definite or indefinite article,No definite or indefinite article,Subject affixes on verb,Interrogativebased,Unrelated,Threeway contrast,Identical,NA,No gender distinctions,No gender,None,Negative particle,Plural suffix,Firstoneth twoth threeth,Marked by mixed or other strategies,Postpositions,DemonstrativeNoun,NegV,NA,Mixed,Absent,Inflectional optative absent,Special imperative  special negative,No secondperson imperatives,No person marking,No question particle,No possessive classification,No marking,Productive full and partial reduplication,Inflectional future exists,No past tense,Grammatical marking,Both the A and P arguments,No dominant order,FALSE,FALSE,FALSE,FALSE,FALSE,FALSE,TRUE,FALSE,FALSE,FALSE,FALSE,FALSE,FALSE,FALSE,FALSE,NA,NA,NA,NA,NA,NA,NA,NA,NA,0,SvPxAtr,medium
Eastern Armenian,nucl1235,NA,universal,45,40,NA,NA,NA,FALSE,TRUE,TRUE,FALSE,TRUE,FALSE,TRUE,FALSE,TRUE,FALSE,FALSE,FALSE,TRUE,Differentiation,And different from with,NA,Definite affix,Indefinite word distinct from one,Subject affixes on verb,NA,Related to remote demonstratives,NA,NA,Identical,No gender distinctions,No gender,None,Variation between negative word and affix,Plural suffix,First twoth threeth,Marked by mixed or other strategies,Postpositions,DemonstrativeNoun,Type 1  Type 3,No dominant order,Mixed,Present,Inflectional optative absent,Normal imperative  special negative,Second singular and second plural,No person marking,No question particle,No possessive classification,NA,Full reduplication only,No inflectional future,Present no remoteness distinctions,Grammatical marking,Only the A argument,No dominant order,NA,NA,NA,NA,NA,NA,NA,NA,NA,NA,NA,NA,NA,NA,NA,NA,NA,NA,NA,NA,NA,NA,NA,NA,NA,NA,NA
Eastern Oromo,east2652,Eastern Cushitic,universal,42,9,TRUE,FALSE,TRUE,FALSE,TRUE,FALSE,TRUE,TRUE,FALSE,FALSE,TRUE,FALSE,TRUE,TRUE,NA,NA,Differentiation,And different from with,Differentiation,No definite or indefinite article,No definite or indefinite article,Subject affixes on verb,Genericnounbased,Unrelated,Twoway contrast,Identical,Differentiated,3rd person singular only,Semantic and formal,Two,Double negation,No plural,First twoth threeth,NA,Postpositions,NounDemonstrative,ObligDoubleNeg,XOV,NounRelative clause,Absent,Inflectional optative absent,Normal imperative  special negative,Second singular and second plural,No person marking,No question particle,Two classes,Other,Productive full and partial reduplication,No inflectional future,Present no remoteness distinctions,Grammatical marking,Only the A argument,SOV,NA,NA,NA,NA,NA,NA,NA,NA,NA,NA,NA,NA,NA,NA,NA,NA,NA,NA,NA,NA,NA,NA,NA,NA,0,SvAtrxP,low
Egyptian Arabic,egyp1253,West Semitic,universal,31,30,TRUE,FALSE,TRUE,FALSE,TRUE,TRUE,TRUE,FALSE,TRUE,FALSE,TRUE,FALSE,TRUE,FALSE,FALSE,TRUE,Differentiation,And different from with,Identity,Definite affix,No indefinite but definite article,Subject affixes on verb,Genericnounbased,Related by gender markers,Twoway contrast,Identical,NA,In 3rd person  1st andor 2nd person,Semantic and formal,Two,Negative particle,Mixed morphological plural,First twoth threeth,No distributive numerals,Prepositions,NounDemonstrative,OptDoubleNeg,VOX,NounRelative clause,Present,Inflectional optative absent,Special imperative  normal negative,Second singular and second plural,Pronouns only,Initial,No possessive classification,No marking,Productive full and partial reduplication,Inflectional future exists,Present no remoteness distinctions,Grammatical marking,Both the A and P arguments,SVO,FALSE,FALSE,FALSE,TRUE,FALSE,FALSE,FALSE,FALSE,FALSE,FALSE,FALSE,FALSE,FALSE,FALSE,FALSE,NA,NA,NA,NA,NA,NA,NA,NA,NA,0,mixed,medium
English,stan1293,Germanic,universal,0,52,TRUE,FALSE,TRUE,TRUE,FALSE,TRUE,FALSE,TRUE,FALSE,TRUE,TRUE,TRUE,FALSE,TRUE,NA,NA,Identity,And different from with,Identity,Definite word distinct from demonstrative,Indefinite word distinct from one,Obligatory pronouns in subject position,Genericnounbased,Related for all demonstratives,Twoway contrast,Identical,Identical,3rd person singular only,Semantic,Three,Negative particle,Plural suffix,First second threeth,No distributive numerals,Prepositions,DemonstrativeNoun,NegV,VOX,NounRelative clause,Present,Inflectional optative absent,Normal imperative  normal negative,No secondperson imperatives,No person marking,No question particle,No possessive classification,Dependent marking,No productive reduplication,No inflectional future,Present no remoteness distinctions,No grammatical marking,Only the A argument,SVO,FALSE,FALSE,FALSE,TRUE,FALSE,FALSE,FALSE,FALSE,FALSE,FALSE,FALSE,FALSE,FALSE,FALSE,FALSE,NA,NA,NA,NA,NA,NA,NA,NA,flexibleadjacent,0,mixed,low
Epena,epen1239,NA,universal,-77,3,NA,NA,NA,TRUE,FALSE,FALSE,TRUE,NA,NA,TRUE,FALSE,FALSE,TRUE,TRUE,NA,NA,NA,NA,NA,Definite word distinct from demonstrative,No indefinite but definite article,Optional pronouns in subject position,NA,Unrelated,Twoway contrast,Different inflection,NA,No gender distinctions,No gender,None,Negative affix,Plural clitic,NA,NA,Postpositions,DemonstrativeNoun,VNeg,OVX,Internally headed,Absent,Inflectional optative absent,Normal imperative  special negative,Second singular and second plural,No person marking,No question particle,No possessive classification,No marking,Productive full and partial reduplication,NA,NA,NA,No person marking,SOV,FALSE,FALSE,TRUE,FALSE,FALSE,FALSE,FALSE,FALSE,FALSE,FALSE,FALSE,FALSE,FALSE,FALSE,FALSE,NA,NA,NA,NA,NA,NA,NA,NA,NA,0,SvPxAtr,low
Evenki,even1259,Northern Tungusic,universal,125,56,TRUE,FALSE,TRUE,TRUE,FALSE,TRUE,FALSE,TRUE,FALSE,TRUE,FALSE,TRUE,FALSE,FALSE,FALSE,TRUE,Differentiation,NA,Identity,No definite or indefinite article,No definite or indefinite article,Obligatory pronouns in subject position,Interrogativebased,Unrelated,Twoway contrast,Identical,Identical,No gender distinctions,No gender,None,Double negation,Plural suffix,First second threeth,Marked by suffix,Postpositions,DemonstrativeNoun,ObligDoubleNeg,NA,Relative clauseNoun,Present,Inflectional optative present,Normal imperative  normal negative,Second singular and second plural,Pronouns only,Final,No possessive classification,Double marking,No productive reduplication,Inflectional future exists,Present no remoteness distinctions,Grammatical marking,Only the A argument,SOV,FALSE,FALSE,FALSE,TRUE,FALSE,FALSE,FALSE,TRUE,FALSE,FALSE,FALSE,FALSE,FALSE,FALSE,FALSE,NA,NA,NA,NA,NA,NA,NA,NA,NA,NA,SvAtrxP,low
Ewe,ewee1241,Gbe,universal,0.416666667,6.333333333,NA,NA,NA,FALSE,TRUE,FALSE,TRUE,NA,NA,TRUE,FALSE,FALSE,TRUE,FALSE,FALSE,TRUE,Identity,And identical to with,NA,Demonstrative word used as definite article,Indefinite word distinct from one,Subject affixes on verb,Genericnounbased,NA,Twoway contrast,NA,Differentiated,No gender distinctions,No gender,None,Double negation,Plural clitic,First twoth threeth,NA,Postpositions,NounDemonstrative,ObligDoubleNeg,NA,NounRelative clause,Absent,Inflectional optative absent,Normal imperative  special negative,No secondperson imperatives,Pronouns only,Final,Two classes,Dependent marking,Productive full and partial reduplication,Inflectional future exists,No past tense,No grammatical marking,Both the A and P arguments,SVO,NA,NA,NA,NA,NA,NA,NA,NA,NA,NA,NA,NA,NA,NA,NA,NA,NA,NA,NA,NA,NA,NA,NA,NA,0,mixed,NA
Fijian,fiji1243,Malayo-Polynesian,universal,178,-17.83333333,TRUE,FALSE,TRUE,FALSE,TRUE,TRUE,FALSE,TRUE,TRUE,FALSE,TRUE,FALSE,TRUE,FALSE,FALSE,TRUE,Differentiation,And identical to with,Differentiation,No definite or indefinite article,No definite or indefinite article,Subject pronouns in different position,NA,Unrelated,Threeway contrast,Identical,Differentiated,No gender distinctions,No gender,None,NA,NA,First twoth threeth,Marked by prefix,Prepositions,NounDemonstrative,NegV,No dominant order,NounRelative clause,Present,Inflectional optative absent,Normal imperative  special negative,No secondperson imperatives,Pronouns and nouns,No question particle,No possessive classification,Head marking,Full reduplication only,No inflectional future,Present no remoteness distinctions,No grammatical marking,Both the A and P arguments,No dominant order,FALSE,TRUE,FALSE,FALSE,FALSE,FALSE,FALSE,FALSE,FALSE,FALSE,FALSE,FALSE,FALSE,FALSE,FALSE,NA,NA,NA,NA,NA,NA,NA,NA,NA,0,NA,medium
Finnish,finn1318,Finno-Ugric,universal,25,62,TRUE,FALSE,TRUE,TRUE,FALSE,TRUE,FALSE,TRUE,FALSE,TRUE,FALSE,TRUE,FALSE,FALSE,FALSE,TRUE,Differentiation,And different from with,Identity,No definite or indefinite article,No definite or indefinite article,Mixed,Special,Unrelated,Twoway contrast,Identical,Identical,No gender distinctions,No gender,None,Negative auxiliary verb,Plural suffix,First second threeth,No distributive numerals,Postpositions,DemonstrativeNoun,NegV,VOX,NounRelative clause,Present,Inflectional optative absent,Normal imperative  special negative,Second singular and second plural,Pronouns only,Second position,No possessive classification,Double marking,No productive reduplication,No inflectional future,Present no remoteness distinctions,No grammatical marking,Only the A argument,SVO,FALSE,FALSE,FALSE,TRUE,FALSE,FALSE,FALSE,TRUE,FALSE,FALSE,FALSE,FALSE,FALSE,FALSE,FALSE,FALSE,FALSE,FALSE,FALSE,FALSE,FALSE,FALSE,OK,NA,0,SvAtrxP,low
French,stan1290,Italic-Celtic,universal,2,48,TRUE,FALSE,FALSE,TRUE,FALSE,TRUE,FALSE,TRUE,FALSE,FALSE,TRUE,FALSE,TRUE,TRUE,NA,NA,Identity,And different from with,Identity,Definite word distinct from demonstrative,Indefinite word same as one,Obligatory pronouns in subject position,Genericnounbased,Related by gender markers,No distance contrast,Different stem,Differentiated,3rd person singular only,Semantic and formal,Two,Negative particle,Plural suffix,First second threeth,No distributive numerals,Prepositions,DemonstrativeNoun,OptDoubleNeg,VOX,NounRelative clause,Present,Inflectional optative absent,Normal imperative  normal negative,Second singular,No person marking,Initial,No possessive classification,Dependent marking,No productive reduplication,Inflectional future exists,Present no remoteness distinctions,Grammatical marking,Only the A argument,SVO,TRUE,FALSE,FALSE,FALSE,FALSE,FALSE,FALSE,FALSE,FALSE,FALSE,FALSE,FALSE,FALSE,FALSE,FALSE,TRUE,TRUE,FALSE,FALSE,FALSE,FALSE,FALSE,NA,NA,0,SvAtrvP,low
Georgian,nucl1302,Georgian-Zan,universal,44,42,TRUE,FALSE,TRUE,FALSE,TRUE,TRUE,FALSE,NA,NA,TRUE,FALSE,TRUE,FALSE,TRUE,NA,NA,Mixed,And different from with,Identity,NA,NA,Subject pronouns in different position,Interrogativebased,Related to remote demonstratives,Threeway contrast,Different inflection,Identical,No gender distinctions,No gender,None,Negative particle,Plural suffix,First twoth threeth,Marked by reduplication,Postpositions,DemonstrativeNoun,NegV,NA,NounRelative clause,Present,Inflectional optative present,NA,No secondperson imperatives,No person marking,No question particle,No possessive classification,Dependent marking,Productive full and partial reduplication,Inflectional future exists,Present no remoteness distinctions,Grammatical marking,Both the A and P arguments,SOV,FALSE,FALSE,FALSE,TRUE,FALSE,FALSE,FALSE,FALSE,FALSE,FALSE,FALSE,FALSE,FALSE,FALSE,FALSE,NA,NA,NA,NA,NA,NA,NA,NA,NA,0,NA,medium
Gooniyandi,goon1238,NA,universal,126.3333333,-18.33333333,TRUE,TRUE,FALSE,NA,NA,TRUE,FALSE,NA,NA,TRUE,TRUE,FALSE,TRUE,FALSE,FALSE,TRUE,Differentiation,NA,Both expressed by juxtaposition,Definite word distinct from demonstrative,NA,Subject affixes on verb,Interrogativebased,Unrelated,Twoway contrast,NA,Identical,No gender distinctions,No gender,None,Negative particle,Plural clitic,None,No distributive numerals,Inpositions,DemonstrativeNoun,NegV,No dominant order,NA,Absent,Inflectional optative absent,Special imperative  normal negative,No secondperson imperatives,No person marking,NA,Two classes,Dependent marking,Productive full and partial reduplication,Inflectional future exists,Present no remoteness distinctions,No grammatical marking,Both the A and P arguments,No dominant order,FALSE,FALSE,FALSE,TRUE,FALSE,FALSE,FALSE,FALSE,FALSE,FALSE,FALSE,FALSE,FALSE,FALSE,FALSE,NA,NA,NA,NA,NA,NA,NA,NA,NA,0,SvPxAtr,medium
Halh Mongolian,halh1238,NA,universal,105,47,TRUE,FALSE,TRUE,FALSE,TRUE,TRUE,FALSE,TRUE,FALSE,TRUE,FALSE,TRUE,FALSE,FALSE,FALSE,TRUE,Differentiation,And different from with,NA,No definite or indefinite article,No definite or indefinite article,Optional pronouns in subject position,NA,Related for all demonstratives,Twoway contrast,Different inflection,Identical,No gender distinctions,No gender,None,Negative affix,Mixed morphological plural,Firstoneth twoth threeth,Marked by suffix,Postpositions,DemonstrativeNoun,VNeg,NA,Relative clauseNoun,Present,Inflectional optative present,Normal imperative  special negative,Second person numberneutral,No person marking,Final,No possessive classification,Dependent marking,Productive full and partial reduplication,No inflectional future,Present no remoteness distinctions,No grammatical marking,No person marking,SOV,FALSE,FALSE,FALSE,FALSE,FALSE,FALSE,FALSE,FALSE,TRUE,FALSE,FALSE,FALSE,FALSE,FALSE,FALSE,NA,NA,NA,NA,NA,NA,NA,NA,NA,0,SvAtrxP,low
Hanis,coos1249,NA,universal,-124.1666667,43.5,NA,NA,NA,TRUE,FALSE,TRUE,FALSE,TRUE,FALSE,TRUE,TRUE,TRUE,FALSE,TRUE,NA,NA,Mixed,And different from with,Identity,Definite word distinct from demonstrative,No indefinite but definite article,Subject affixes on verb,Interrogativebased,NA,Twoway contrast,NA,Differentiated,No gender distinctions,No gender,None,Negative particle,Mixed morphological plural,NA,NA,Postpositions,DemonstrativeNoun,NegV,No dominant order,NounRelative clause,Present,Inflectional optative absent,Normal imperative  normal negative,Second singular and second plural,No adpositions,Final,NA,Head marking,Productive full and partial reduplication,NA,NA,NA,Both the A and P arguments,No dominant order,FALSE,TRUE,FALSE,FALSE,FALSE,FALSE,FALSE,FALSE,FALSE,FALSE,FALSE,FALSE,FALSE,FALSE,FALSE,NA,NA,NA,NA,NA,NA,NA,NA,NA,0,NA,NA
Hausa,haus1257,West Chadic,universal,7,12,TRUE,FALSE,TRUE,TRUE,TRUE,FALSE,TRUE,FALSE,TRUE,FALSE,TRUE,TRUE,FALSE,FALSE,FALSE,TRUE,Identity,And identical to with,Differentiation,Definite word distinct from demonstrative,Indefinite word distinct from one,Subject pronouns in different position,Genericnounbased,Unrelated,Fourway contrast,Identical,NA,In 3rd person  1st andor 2nd person,Semantic and formal,Two,Negative particle,Plural suffix,First twoth threeth,Marked by reduplication,Prepositions,Mixed,OptDoubleNeg,VOX,NounRelative clause,Present,Inflectional optative absent,Special imperative  special negative,Second singular,Pronouns only,Final,No possessive classification,Dependent marking,Productive full and partial reduplication,No inflectional future,No past tense,No grammatical marking,No person marking,SVO,FALSE,FALSE,FALSE,FALSE,FALSE,FALSE,FALSE,FALSE,FALSE,TRUE,FALSE,FALSE,FALSE,FALSE,FALSE,NA,NA,NA,NA,NA,NA,NA,NA,NA,0,SvAtrvP,medium
Hindi,hind1269,Indo-Iranian,universal,77,25,TRUE,FALSE,TRUE,FALSE,TRUE,TRUE,FALSE,TRUE,FALSE,TRUE,FALSE,TRUE,FALSE,NA,NA,NA,Differentiation,And different from with,Identity,No definite or indefinite article,No definite or indefinite article,NA,Special,Related for all demonstratives,NA,NA,Identical,No gender distinctions,Semantic and formal,Two,Negative particle,Plural suffix,First twoth threeth,Marked by reduplication,Postpositions,DemonstrativeNoun,NegV,NA,Correlative,Present,Inflectional optative absent,Normal imperative  special negative,Second singular and second plural,No person marking,Initial,No possessive classification,Dependent marking,Productive full and partial reduplication,Inflectional future exists,Present no remoteness distinctions,Grammatical marking,Only the A argument,SOV,NA,NA,NA,NA,NA,NA,NA,NA,NA,NA,NA,NA,NA,NA,NA,NA,NA,NA,NA,NA,NA,NA,NA,NA,0,mixed,low
Hixkaryána,hixk1239,NA,universal,-59,-1,TRUE,FALSE,FALSE,TRUE,FALSE,TRUE,FALSE,FALSE,TRUE,TRUE,FALSE,FALSE,TRUE,FALSE,TRUE,FALSE,Differentiation,And different from with,Both expressed by juxtaposition,No definite or indefinite article,No definite or indefinite article,Subject affixes on verb,NA,Related for all demonstratives,Threeway contrast,Identical,Differentiated,3rd person only but also nonsingular,Semantic,Two,Negative affix,Plural word,None,No distributive numerals,Postpositions,NA,VNeg,OVX,NounRelative clause,Present,Inflectional optative absent,Normal imperative  normal negative,Second singular and second plural,Pronouns only,No question particle,No possessive classification,Head marking,No productive reduplication,No inflectional future,Present 23 remoteness distinctions,Grammatical marking,Both the A and P arguments,OVS,FALSE,FALSE,FALSE,FALSE,FALSE,FALSE,FALSE,TRUE,FALSE,FALSE,FALSE,FALSE,FALSE,FALSE,FALSE,NA,NA,NA,NA,NA,NA,NA,NA,NA,0,SvAtrvP,low
Hokkaido Ainu,ainu1240,NA,universal,143,43,TRUE,FALSE,TRUE,FALSE,TRUE,TRUE,FALSE,NA,NA,TRUE,FALSE,TRUE,FALSE,FALSE,TRUE,FALSE,Differentiation,And different from with,Differentiation,NA,NA,Subject affixes on verb,Interrogativebased,Unrelated,Twoway contrast,Different stem,NA,No gender distinctions,No gender,None,Negative particle,Plural suffix,None,Marked by following word,Postpositions,DemonstrativeNoun,NegV,NA,Relative clauseNoun,Present,Inflectional optative absent,Normal imperative  special negative,Second person numberneutral,Pronouns only,Final,No possessive classification,Head marking,Full reduplication only,No inflectional future,No past tense,No grammatical marking,Both the A and P arguments,SOV,FALSE,TRUE,FALSE,FALSE,FALSE,FALSE,FALSE,FALSE,FALSE,FALSE,FALSE,FALSE,FALSE,FALSE,FALSE,NA,NA,NA,NA,NA,NA,NA,NA,NA,2,SvAtrvP,low
Hungarian,hung1274,Finno-Ugric,universal,20,47,NA,NA,NA,FALSE,TRUE,TRUE,FALSE,TRUE,FALSE,TRUE,FALSE,TRUE,FALSE,FALSE,FALSE,TRUE,Mixed,And different from with,Identity,Definite word distinct from demonstrative,Indefinite word distinct from one,Subject affixes on verb,Interrogativebased,Related for nonhuman reference,Twoway contrast,Identical,Identical,No gender distinctions,No gender,None,Negative particle,Plural suffix,First second threeth,Marked by reduplication,Postpositions,DemonstrativeNoun,NegV,NA,Mixed,Present,Inflectional optative absent,Normal imperative  special negative,No secondperson imperatives,Pronouns only,NA,No possessive classification,Head marking,Productive full and partial reduplication,No inflectional future,Present no remoteness distinctions,No grammatical marking,Both the A and P arguments,No dominant order,NA,NA,NA,NA,NA,NA,NA,NA,NA,NA,NA,NA,NA,NA,NA,NA,NA,NA,NA,NA,NA,NA,NA,NA,0,SvAtrxP,low
Hunzib,hunz1247,Daghestanian,universal,46.25,42.16666667,NA,NA,NA,NA,NA,TRUE,FALSE,NA,NA,TRUE,FALSE,TRUE,FALSE,TRUE,NA,NA,Differentiation,NA,Identity,No definite or indefinite article,No definite or indefinite article,NA,Interrogativebased,Related for all demonstratives,Threeway contrast,Different inflection,NA,No gender distinctions,Semantic,Five or more,Negative affix,Plural suffix,Oneth twoth threeth,Marked by reduplication,Postpositions,DemonstrativeNoun,VNeg,NA,Relative clauseNoun,Absent,Inflectional optative present,Special imperative  special negative,Second person numberneutral,No person marking,No question particle,NA,NA,Productive full and partial reduplication,NA,NA,NA,Only the A argument,SOV,TRUE,FALSE,FALSE,FALSE,FALSE,FALSE,FALSE,FALSE,FALSE,FALSE,FALSE,FALSE,FALSE,FALSE,FALSE,NA,NA,NA,NA,NA,NA,NA,NA,NA,0,SvAtrvP,low
Imbabura Highland Quichua,imba1240,NA,universal,-78,0.333333333,TRUE,FALSE,FALSE,TRUE,FALSE,TRUE,FALSE,TRUE,FALSE,TRUE,FALSE,TRUE,FALSE,TRUE,NA,NA,Identity,And different from with,Identity,No definite or indefinite article,No definite or indefinite article,Subject affixes on verb,Interrogativebased,Related for nonhuman reference,NA,NA,NA,No gender distinctions,No gender,None,Negative particle,Plural suffix,Firstoneth twoth threeth,NA,Postpositions,DemonstrativeNoun,NegV,XOV,Relative clauseNoun,Present,Inflectional optative absent,Normal imperative  special negative,Second singular and second plural,No person marking,Final,No possessive classification,Dependent marking,Full reduplication only,Inflectional future exists,Present no remoteness distinctions,No grammatical marking,Both the A and P arguments,SOV,FALSE,FALSE,FALSE,TRUE,FALSE,FALSE,FALSE,FALSE,FALSE,FALSE,FALSE,FALSE,FALSE,FALSE,FALSE,NA,NA,NA,NA,NA,NA,NA,NA,flexibleadjacent,NA,SvAtrxP,medium
Imonda,imon1245,Waris,universal,141.1666667,-3.333333333,TRUE,TRUE,FALSE,NA,NA,FALSE,TRUE,TRUE,TRUE,TRUE,FALSE,FALSE,TRUE,TRUE,NA,NA,Differentiation,NA,Differentiation,No definite or indefinite article,No definite or indefinite article,Optional pronouns in subject position,NA,Unrelated,Twoway contrast,Identical,Identical,No gender distinctions,No gender,None,Negative particle,No plural,None,No distributive numerals,Postpositions,Mixed,NegV,NA,Mixed,Absent,Inflectional optative absent,Special imperative  special negative,Second person numberneutral,No person marking,NA,Two classes,Double marking,NA,Inflectional future exists,Present no remoteness distinctions,Grammatical marking,No person marking,NA,FALSE,FALSE,FALSE,FALSE,TRUE,FALSE,FALSE,FALSE,FALSE,FALSE,FALSE,FALSE,FALSE,FALSE,FALSE,NA,NA,NA,NA,NA,NA,NA,NA,NA,0,SvAtrxP,medium
Indonesian,indo1316,Malayo-Polynesian,universal,106,0,TRUE,FALSE,TRUE,TRUE,TRUE,TRUE,FALSE,TRUE,FALSE,FALSE,TRUE,FALSE,TRUE,TRUE,NA,NA,Mixed,And identical to with,Identity,Demonstrative word used as definite article,No indefinite but definite article,Obligatory pronouns in subject position,Genericnounbased,Unrelated,Twoway contrast,Identical,Identical,No gender distinctions,No gender,None,Negative word unclear if verb or particle,Plural complete reduplication,Firstoneth twoth threeth,No distributive numerals,Prepositions,NounDemonstrative,NegV,VOX,NounRelative clause,Present,Inflectional optative absent,Normal imperative  special negative,No secondperson imperatives,No person marking,In either of two positions,No possessive classification,No marking,Full reduplication only,No inflectional future,No past tense,No grammatical marking,Only the P argument,SVO,FALSE,FALSE,TRUE,FALSE,FALSE,FALSE,FALSE,FALSE,FALSE,FALSE,FALSE,FALSE,FALSE,FALSE,FALSE,NA,NA,NA,NA,NA,NA,NA,NA,NA,NA,NA,low
Iraqw,iraq1241,Southern Cushitic,universal,35.5,-4,NA,NA,NA,FALSE,TRUE,FALSE,TRUE,NA,NA,FALSE,TRUE,FALSE,TRUE,FALSE,FALSE,TRUE,Mixed,NA,Identity,No definite or indefinite article,No definite or indefinite article,Subject affixes on verb,Genericnounbased,Unrelated,Fourway contrast,Different stem,NA,1st or 2nd person but not 3rd,Semantic and formal,Two,Negative affix,Plural suffix,First two three,Marked by reduplication,Prepositions,NounDemonstrative,VNeg,No dominant order,NounRelative clause,Present,Inflectional optative absent,Normal imperative  special negative,Second singular and second plural,No person marking,No question particle,NA,NA,NA,NA,NA,NA,Only the A argument,SOV,TRUE,TRUE,FALSE,FALSE,FALSE,FALSE,FALSE,FALSE,FALSE,FALSE,FALSE,FALSE,FALSE,FALSE,FALSE,TRUE,TRUE,FALSE,FALSE,FALSE,FALSE,FALSE,NA,NA,0,SvAtrvP,NA
Irish,iris1253,Italic-Celtic,universal,-8,53,NA,NA,NA,TRUE,FALSE,TRUE,FALSE,NA,NA,FALSE,TRUE,FALSE,TRUE,TRUE,NA,NA,Identity,And different from with,NA,Definite word distinct from demonstrative,No indefinite but definite article,Mixed,Genericnounbased,Related to remote demonstratives,Threeway contrast,Identical,Identical,3rd person singular only,NA,NA,Negative particle,Mixed morphological plural,First second threeth,NA,Prepositions,NounDemonstrative,NegV,VOX,NounRelative clause,Present,Inflectional optative absent,Normal imperative  special negative,Second singular and second plural,Pronouns only,Initial,NA,NA,No productive reduplication,NA,NA,NA,Only the A argument,VSO,FALSE,FALSE,FALSE,FALSE,FALSE,FALSE,FALSE,FALSE,FALSE,FALSE,TRUE,FALSE,FALSE,FALSE,FALSE,NA,NA,NA,NA,NA,NA,NA,NA,NA,NA,NA,low
Japanese,nucl1643,NA,universal,140,37,TRUE,FALSE,TRUE,FALSE,TRUE,TRUE,FALSE,TRUE,FALSE,TRUE,FALSE,TRUE,FALSE,TRUE,NA,NA,Differentiation,And identical to with,Differentiation,No definite but indefinite article,Indefinite word distinct from one,Optional pronouns in subject position,Interrogativebased,Unrelated,Threeway contrast,Different inflection,Identical,3rd person only but also nonsingular,NA,NA,Negative affix,Plural suffix,Oneth twoth threeth,Marked by suffix,Postpositions,DemonstrativeNoun,VNeg,XOV,Relative clauseNoun,Present,Inflectional optative absent,Normal imperative  special negative,Second person numberneutral,No person marking,Final,No possessive classification,Dependent marking,Full reduplication only,No inflectional future,Present no remoteness distinctions,No grammatical marking,No person marking,SOV,FALSE,FALSE,TRUE,FALSE,FALSE,FALSE,FALSE,FALSE,FALSE,FALSE,FALSE,FALSE,FALSE,FALSE,FALSE,NA,NA,NA,NA,NA,NA,NA,NA,NA,NA,SvAtrxP,low
Kannada,nucl1305,South Dravidian,universal,76,14,TRUE,FALSE,TRUE,FALSE,TRUE,TRUE,FALSE,TRUE,FALSE,TRUE,FALSE,TRUE,FALSE,TRUE,NA,NA,Differentiation,And different from with,Differentiation,NA,Indefinite word same as one,Subject affixes on verb,Interrogativebased,Related to remote demonstratives,Twoway contrast,Different inflection,Identical,3rd person only but also nonsingular,Semantic,Three,Negative affix,Plural suffix,Firstoneth twoth threeth,Marked by reduplication,Postpositions,DemonstrativeNoun,VNeg,NA,Mixed,Present,Inflectional optative absent,Special imperative  special negative,Second singular and second plural,No person marking,Final,No possessive classification,Dependent marking,Productive full and partial reduplication,Inflectional future exists,Present no remoteness distinctions,No grammatical marking,Only the A argument,SOV,FALSE,FALSE,TRUE,FALSE,FALSE,FALSE,FALSE,FALSE,FALSE,FALSE,FALSE,FALSE,FALSE,FALSE,FALSE,NA,NA,NA,NA,NA,NA,NA,NA,NA,0,SvAtrxP,low
Karok,karo1304,NA,universal,-123,41.66666667,TRUE,FALSE,TRUE,NA,NA,TRUE,FALSE,NA,NA,TRUE,FALSE,FALSE,TRUE,FALSE,TRUE,FALSE,Differentiation,NA,Differentiation,Definite word distinct from demonstrative,NA,Subject affixes on verb,Interrogativebased,NA,NA,NA,Differentiated,No gender distinctions,No gender,None,Double negation,Plural suffix,NA,NA,Postpositions,DemonstrativeNoun,ObligDoubleNeg,No dominant order,NA,Present,Inflectional optative absent,Special imperative  special negative,Second singular and second plural,No person marking,NA,No possessive classification,Head marking,Productive full and partial reduplication,Inflectional future exists,No past tense,No grammatical marking,Both the A and P arguments,No dominant order,FALSE,FALSE,FALSE,FALSE,FALSE,FALSE,FALSE,TRUE,FALSE,FALSE,FALSE,FALSE,FALSE,FALSE,FALSE,NA,NA,NA,NA,NA,NA,NA,NA,NA,0,SvAtrvP,medium
Kayardild,kaya1319,Southern Tangkic,universal,139.5,-17.05,TRUE,FALSE,TRUE,FALSE,TRUE,TRUE,FALSE,NA,NA,TRUE,FALSE,TRUE,FALSE,NA,NA,NA,Differentiation,NA,NA,Definite word distinct from demonstrative,Indefinite word same as one,Optional pronouns in subject position,Interrogativebased,Related for nonhuman reference,Twoway contrast,Identical,Identical,No gender distinctions,No gender,None,Negative affix,No plural,None,Marked by mixed or other strategies,No adpositions,DemonstrativeNoun,VNeg,No dominant order,NounRelative clause,Present,Inflectional optative absent,Special imperative  special negative,Second person numberneutral,No adpositions,No question particle,Two classes,Dependent marking,Productive full and partial reduplication,Inflectional future exists,No past tense,No grammatical marking,No person marking,No dominant order,FALSE,FALSE,FALSE,TRUE,FALSE,FALSE,FALSE,FALSE,FALSE,FALSE,FALSE,TRUE,FALSE,FALSE,FALSE,NA,NA,NA,NA,NA,NA,NA,NA,NA,0,NA,low
Ket,kett1243,NA,universal,87,64,NA,NA,NA,FALSE,TRUE,TRUE,FALSE,TRUE,FALSE,TRUE,FALSE,TRUE,FALSE,FALSE,TRUE,FALSE,Identity,And different from with,Identity,No definite or indefinite article,No definite or indefinite article,NA,Interrogativebased,NA,Threeway contrast,Different inflection,Differentiated,No gender distinctions,Semantic,Three,NA,Plural suffix,Firstoneth twoth threeth,Marked by suffix,Postpositions,DemonstrativeNoun,NegV,NA,NA,Present,Inflectional optative absent,Normal imperative  special negative,Second singular and second plural,Pronouns and nouns,NA,No possessive classification,Head marking,NA,No inflectional future,No past tense,Grammatical marking,Both the A and P arguments,SOV,FALSE,FALSE,FALSE,TRUE,FALSE,FALSE,FALSE,FALSE,FALSE,FALSE,FALSE,FALSE,FALSE,FALSE,FALSE,NA,NA,NA,NA,NA,NA,NA,NA,NA,0,SvAtrvP,low
Kiowa,kiow1266,Kiowa,universal,-99,37,TRUE,TRUE,FALSE,TRUE,FALSE,TRUE,FALSE,NA,NA,TRUE,FALSE,NA,NA,FALSE,TRUE,FALSE,NA,And different from with,NA,No definite or indefinite article,No definite or indefinite article,Subject affixes on verb,Interrogativebased,NA,Twoway contrast,Identical,Differentiated,No gender distinctions,NA,NA,Double negation,Plural suffix,NA,NA,No adpositions,DemonstrativeNoun,ObligDoubleNeg,NA,Internally headed,Absent,Inflectional optative absent,Special imperative  special negative,Second singular and second plural,No adpositions,Initial,Two classes,Head marking,No productive reduplication,Inflectional future exists,No past tense,Grammatical marking,A or P argument,SOV,FALSE,FALSE,FALSE,FALSE,FALSE,FALSE,FALSE,FALSE,FALSE,FALSE,FALSE,FALSE,TRUE,FALSE,FALSE,NA,NA,NA,NA,NA,NA,NA,NA,NA,0,NA,low
Koasati,koas1236,NA,universal,-85.16666667,34.83333333,TRUE,FALSE,TRUE,NA,NA,FALSE,TRUE,NA,NA,TRUE,FALSE,FALSE,TRUE,FALSE,TRUE,FALSE,Differentiation,NA,Differentiation,Definite word distinct from demonstrative,NA,Subject affixes on verb,Interrogativebased,Unrelated,Five or moreway contrast,Identical,Differentiated,No gender distinctions,No gender,None,Negative affix,Plural clitic,First twoth threeth,NA,Postpositions,DemonstrativeNoun,VNeg,OVX,Mixed,Present,Inflectional optative absent,Special imperative  special negative,Second singular and second plural,Pronouns only,NA,Two classes,Head marking,Productive full and partial reduplication,Inflectional future exists,Present 23 remoteness distinctions,No grammatical marking,Both the A and P arguments,SOV,FALSE,FALSE,FALSE,FALSE,FALSE,FALSE,FALSE,TRUE,FALSE,FALSE,FALSE,FALSE,FALSE,FALSE,FALSE,NA,NA,NA,NA,NA,NA,NA,NA,NA,0,SvAtrxP,high
Kobon,kobo1249,Kalamic-South Adelbert,universal,144.3333333,-5.166666667,NA,NA,NA,FALSE,TRUE,FALSE,TRUE,FALSE,TRUE,TRUE,FALSE,FALSE,TRUE,FALSE,TRUE,FALSE,Differentiation,And identical to with,Differentiation,No definite but indefinite article,Indefinite word distinct from one,Subject affixes on verb,Genericnounbased,Unrelated,Twoway contrast,Identical,Identical,No gender distinctions,No gender,None,Negative affix,Plural suffix,None,NA,Postpositions,NounDemonstrative,VNeg,NA,Mixed,Absent,Inflectional optative absent,Normal imperative  normal negative,Second singular and second plural,No person marking,Final,Two classes,No marking,NA,NA,NA,NA,Only the A argument,SOV,FALSE,FALSE,FALSE,FALSE,FALSE,FALSE,FALSE,TRUE,FALSE,FALSE,FALSE,FALSE,FALSE,FALSE,FALSE,NA,NA,NA,NA,NA,NA,NA,NA,NA,0,mixed,low
Korean,kore1280,NA,universal,128,37.5,TRUE,FALSE,TRUE,FALSE,TRUE,TRUE,FALSE,TRUE,FALSE,TRUE,FALSE,TRUE,FALSE,NA,NA,NA,Differentiation,And different from with,Differentiation,No definite or indefinite article,No definite or indefinite article,Optional pronouns in subject position,Interrogativebased,Unrelated,Threeway contrast,Different stem,Identical,3rd person singular only,NA,NA,Negative particle,Plural suffix,Oneth twoth threeth,Marked by suffix,Postpositions,DemonstrativeNoun,NegV,NA,Relative clauseNoun,Present,Inflectional optative absent,Normal imperative  special negative,Second person numberneutral,No person marking,No question particle,No possessive classification,Dependent marking,Productive full and partial reduplication,No inflectional future,Present no remoteness distinctions,Grammatical marking,No person marking,SOV,FALSE,FALSE,TRUE,FALSE,FALSE,FALSE,FALSE,FALSE,FALSE,FALSE,FALSE,FALSE,FALSE,FALSE,FALSE,NA,NA,NA,NA,NA,NA,NA,NA,NA,26,SvAtrxP,medium
Koyraboro Senni Songhai,koyr1242,NA,universal,0,16,TRUE,FALSE,TRUE,TRUE,FALSE,FALSE,TRUE,NA,NA,TRUE,FALSE,FALSE,TRUE,TRUE,NA,NA,NA,NA,Differentiation,Definite word distinct from demonstrative,No indefinite but definite article,Obligatory pronouns in subject position,Genericnounbased,Unrelated,No distance contrast,Identical,Differentiated,No gender distinctions,No gender,None,Negative particle,Plural clitic,Firstoneth twoth threeth,NA,Postpositions,NounDemonstrative,NegV,OVX,NounRelative clause,Present,Inflectional optative absent,Special imperative  special negative,Second singular and second plural,No person marking,In either of two positions,NA,NA,NA,No inflectional future,No past tense,Grammatical marking,No person marking,SOV,NA,NA,NA,NA,NA,NA,NA,NA,NA,NA,NA,NA,NA,NA,NA,NA,NA,NA,NA,NA,NA,NA,NA,NA,NA,SvAtrvP,NA
Krongo,kron1241,NA,universal,30,10.5,TRUE,TRUE,FALSE,FALSE,TRUE,FALSE,TRUE,TRUE,TRUE,FALSE,TRUE,FALSE,TRUE,TRUE,NA,NA,Differentiation,NA,Differentiation,No definite or indefinite article,No definite or indefinite article,Mixed,NA,NA,Threeway contrast,Identical,NA,3rd person singular only,NA,NA,Double negation,Plural prefix,One two three,NA,NA,NounDemonstrative,ObligDoubleNeg,VOX,NounRelative clause,Present,Inflectional optative absent,Special imperative  special negative,Second singular and second plural,No person marking,No question particle,Two classes,Dependent marking,No productive reduplication,No inflectional future,No past tense,Grammatical marking,No person marking,VSO,FALSE,FALSE,FALSE,FALSE,FALSE,FALSE,FALSE,FALSE,FALSE,TRUE,FALSE,FALSE,FALSE,FALSE,FALSE,NA,NA,NA,NA,NA,NA,NA,NA,NA,NA,SvAtrvP,low
Kutenai,kute1249,NA,universal,-116,49.5,TRUE,FALSE,TRUE,TRUE,FALSE,TRUE,FALSE,TRUE,FALSE,FALSE,TRUE,FALSE,FALSE,FALSE,FALSE,TRUE,NA,NA,Identity,Definite word distinct from demonstrative,No indefinite but definite article,Subject pronouns in different position,Interrogativebased,NA,Threeway contrast,Identical,Differentiated,No gender distinctions,No gender,None,Negative particle,Plural prefix,NA,No distributive numerals,No adpositions,DemonstrativeNoun,NegV,NA,Internally headed,Present,Inflectional optative absent,NA,Second singular and second plural,No adpositions,Initial,No possessive classification,Head marking,No productive reduplication,Inflectional future exists,No past tense,No grammatical marking,Both the A and P arguments,No dominant order,FALSE,FALSE,FALSE,FALSE,FALSE,FALSE,FALSE,TRUE,FALSE,FALSE,FALSE,FALSE,FALSE,FALSE,FALSE,NA,NA,NA,NA,NA,NA,NA,NA,NA,0,SvAtrvP,low
Lakota,lako1247,NA,universal,-101.8333333,43.83333333,TRUE,FALSE,TRUE,FALSE,TRUE,FALSE,TRUE,TRUE,FALSE,TRUE,TRUE,FALSE,TRUE,FALSE,TRUE,FALSE,Differentiation,And different from with,Identity,Definite word distinct from demonstrative,Indefinite word distinct from one,Subject affixes on verb,Interrogativebased,Unrelated,Threeway contrast,Identical,Differentiated,No gender distinctions,NA,NA,Negative particle,Plural word,First twoth threeth,NA,Postpositions,Mixed,VNeg,NA,Internally headed,Absent,Inflectional optative absent,Normal imperative  normal negative,No secondperson imperatives,Pronouns only,Final,Two classes,Head marking,Productive full and partial reduplication,No inflectional future,No past tense,No grammatical marking,Both the A and P arguments,SOV,FALSE,FALSE,FALSE,FALSE,FALSE,FALSE,FALSE,FALSE,FALSE,FALSE,FALSE,FALSE,FALSE,TRUE,FALSE,NA,NA,NA,NA,NA,NA,NA,NA,NA,0,SvAtrvP,high
Lango (Uganda),lang1324,Western Nilotic,universal,33,2.166666667,TRUE,TRUE,FALSE,FALSE,TRUE,FALSE,TRUE,NA,NA,FALSE,TRUE,FALSE,TRUE,NA,NA,NA,Mixed,NA,Differentiation,No definite but indefinite article,Indefinite affix,Subject affixes on verb,Genericnounbased,Unrelated,Threeway contrast,Different stem,Identical,No gender distinctions,No gender,None,Negative particle,Plural suffix,First two three,NA,Prepositions,NounDemonstrative,NegV,VOX,NounRelative clause,Absent,Inflectional optative absent,Special imperative  special negative,Second singular and second plural,Pronouns only,No question particle,Two classes,Head marking,No productive reduplication,No inflectional future,No past tense,Grammatical marking,Both the A and P arguments,SVO,FALSE,TRUE,FALSE,FALSE,FALSE,FALSE,FALSE,FALSE,FALSE,FALSE,FALSE,FALSE,FALSE,FALSE,FALSE,NA,NA,NA,NA,NA,NA,NA,NA,NA,0,mixed,low
Latvian,latv1249,Balto-Slavic,universal,24,57,NA,NA,NA,TRUE,FALSE,TRUE,FALSE,TRUE,FALSE,TRUE,FALSE,TRUE,FALSE,TRUE,NA,NA,Identity,And different from with,Identity,Demonstrative word used as definite article,Indefinite word same as one,Obligatory pronouns in subject position,Interrogativebased,Related by gender markers,Twoway contrast,Identical,Differentiated,3rd person only but also nonsingular,Semantic and formal,Two,Negative affix,Plural suffix,First second threeth,Marked by preceding word,Prepositions,DemonstrativeNoun,NegV,NA,NounRelative clause,Present,Inflectional optative absent,Normal imperative  normal negative,Second plural,No person marking,Initial,NA,NA,NA,Inflectional future exists,Present no remoteness distinctions,No grammatical marking,Only the A argument,SVO,FALSE,FALSE,FALSE,FALSE,FALSE,FALSE,FALSE,FALSE,FALSE,TRUE,FALSE,FALSE,FALSE,FALSE,FALSE,TRUE,TRUE,FALSE,FALSE,FALSE,FALSE,TRUE,OK,NA,NA,SvAtrxP,low
Lavukaleve,lavu1241,NA,universal,159.2,-9.083333333,NA,NA,NA,FALSE,TRUE,FALSE,TRUE,NA,NA,TRUE,FALSE,FALSE,TRUE,FALSE,TRUE,FALSE,NA,NA,Identity,Definite word distinct from demonstrative,Indefinite word same as one,Subject affixes on verb,Genericnounbased,Related for all demonstratives,Threeway contrast,Different stem,Identical,3rd person only but also nonsingular,Semantic and formal,Three,Variation between negative word and affix,Plural suffix,NA,NA,Postpositions,NA,Type 2  Type 4,XOV,Internally headed,Absent,Inflectional optative absent,Special imperative  special negative,Second singular and second plural,Pronouns and nouns,Final,No possessive classification,Head marking,Productive full and partial reduplication,Inflectional future exists,No past tense,No grammatical marking,Both the A and P arguments,SOV,FALSE,FALSE,FALSE,FALSE,FALSE,FALSE,FALSE,TRUE,FALSE,FALSE,FALSE,FALSE,FALSE,FALSE,FALSE,TRUE,FALSE,FALSE,FALSE,FALSE,FALSE,FALSE,OK,NA,0,SvAtrvP,low
Lezgian,lezg1247,Daghestanian,universal,47.83333333,41.66666667,NA,NA,NA,FALSE,TRUE,TRUE,FALSE,TRUE,FALSE,TRUE,FALSE,TRUE,FALSE,TRUE,NA,NA,Differentiation,And different from with,Identity,No definite but indefinite article,Indefinite word same as one,Optional pronouns in subject position,Interrogativebased,Related to nonremote demonstratives,Threeway contrast,Different inflection,Identical,No gender distinctions,No gender,None,Negative affix,Plural suffix,Oneth twoth threeth,Marked by reduplication,Postpositions,DemonstrativeNoun,VNeg,NA,Relative clauseNoun,Absent,Inflectional optative present,Special imperative  special negative,Second person numberneutral,No person marking,No question particle,No possessive classification,Dependent marking,No productive reduplication,Inflectional future exists,Present no remoteness distinctions,Grammatical marking,No person marking,SOV,FALSE,FALSE,TRUE,FALSE,FALSE,FALSE,FALSE,FALSE,FALSE,FALSE,FALSE,FALSE,FALSE,FALSE,FALSE,NA,NA,NA,NA,NA,NA,NA,OK,NA,0,SvPxAtr,low
Luvale,luva1239,Bantoid,universal,22,-12,TRUE,TRUE,FALSE,FALSE,TRUE,FALSE,TRUE,NA,NA,FALSE,TRUE,FALSE,TRUE,FALSE,FALSE,TRUE,NA,NA,Differentiation,No definite or indefinite article,No definite or indefinite article,Subject affixes on verb,NA,Related by gender markers,NA,NA,Differentiated,3rd person only but also nonsingular,Semantic and formal,Five or more,Double negation,Plural prefix,First twoth threeth,NA,Prepositions,NounDemonstrative,ObligDoubleNeg,VOX,NounRelative clause,Absent,Inflectional optative absent,Special imperative  special negative,Second singular and second plural,No person marking,NA,Two classes,Dependent marking,Productive full and partial reduplication,Inflectional future exists,Present 23 remoteness distinctions,No grammatical marking,Both the A and P arguments,SVO,TRUE,FALSE,FALSE,FALSE,FALSE,FALSE,FALSE,FALSE,FALSE,FALSE,FALSE,FALSE,FALSE,FALSE,FALSE,NA,NA,NA,NA,NA,NA,NA,NA,NA,NA,NA,medium
Mangarrayi,mang1381,NA,universal,133.5,-14.66666667,TRUE,TRUE,FALSE,FALSE,TRUE,TRUE,TRUE,NA,NA,TRUE,TRUE,FALSE,TRUE,FALSE,FALSE,TRUE,Differentiation,And different from with,Differentiation,Definite word distinct from demonstrative,NA,Subject affixes on verb,Interrogativebased,Related for all demonstratives,NA,NA,NA,No gender distinctions,Semantic,Three,Negative particle,Plural suffix,None,NA,Prepositions,DemonstrativeNoun,NegV,NA,NounRelative clause,Absent,Inflectional optative absent,Normal imperative  special negative,Second singular and second plural,No adpositions,Final,Two classes,Double marking,Productive full and partial reduplication,No inflectional future,Present no remoteness distinctions,No grammatical marking,Both the A and P arguments,OVS,FALSE,FALSE,FALSE,FALSE,FALSE,FALSE,FALSE,TRUE,FALSE,FALSE,FALSE,FALSE,FALSE,FALSE,FALSE,NA,NA,NA,NA,NA,NA,NA,NA,NA,0,mixed,low
Manipuri,mani1292,NA,universal,94,24.75,TRUE,FALSE,TRUE,FALSE,TRUE,FALSE,TRUE,NA,NA,TRUE,FALSE,TRUE,TRUE,FALSE,TRUE,FALSE,Differentiation,And different from with,Differentiation,Demonstrative word used as definite article,Indefinite word same as one,Optional pronouns in subject position,Interrogativebased,Related for all demonstratives,Twoway contrast,Identical,Identical,No gender distinctions,No gender,None,Negative affix,NA,Firstoneth twoth threeth,Marked by reduplication,Postpositions,NounDemonstrative,VNeg,NA,Relative clauseNoun,Absent,Inflectional optative present,Special imperative  special negative,Second person numberneutral,No person marking,Final,No possessive classification,Dependent marking,Productive full and partial reduplication,No inflectional future,No past tense,No grammatical marking,No person marking,NA,FALSE,FALSE,FALSE,TRUE,FALSE,FALSE,FALSE,FALSE,FALSE,FALSE,FALSE,FALSE,FALSE,FALSE,FALSE,NA,NA,NA,NA,NA,NA,NA,NA,NA,NA,NA,low
Maori,maor1246,Malayo-Polynesian,universal,176,-40,NA,NA,NA,FALSE,TRUE,FALSE,TRUE,FALSE,TRUE,FALSE,TRUE,FALSE,TRUE,TRUE,NA,NA,Differentiation,And identical to with,Differentiation,Definite word distinct from demonstrative,Indefinite word distinct from one,Optional pronouns in subject position,Mixed,Related to remote demonstratives,Threeway contrast,Identical,Differentiated,No gender distinctions,No gender,None,Negative word unclear if verb or particle,Plural word,Oneth twoth threeth,Marked by prefix,Prepositions,Mixed,NegV,VOX,NounRelative clause,Present,Inflectional optative absent,Special imperative  special negative,No secondperson imperatives,No person marking,No question particle,No possessive classification,Dependent marking,Productive full and partial reduplication,No inflectional future,Present no remoteness distinctions,No grammatical marking,No person marking,VSO,NA,NA,NA,NA,NA,NA,NA,NA,NA,NA,NA,NA,NA,NA,NA,NA,NA,NA,NA,NA,NA,NA,NA,NA,NA,SvAtrxP,NA
Mapudungun,mapu1245,NA,universal,-72,-38,TRUE,TRUE,FALSE,FALSE,TRUE,TRUE,FALSE,TRUE,FALSE,TRUE,FALSE,TRUE,FALSE,TRUE,NA,NA,Differentiation,And different from with,Identity,Definite word distinct from demonstrative,No indefinite but definite article,Subject affixes on verb,NA,Related to nonremote demonstratives,Threeway contrast,Different stem,Differentiated,No gender distinctions,No gender,None,Negative affix,Plural word,Firstoneth twoth threeth,NA,No dominant order,DemonstrativeNoun,VNeg,No dominant order,NA,Present,Inflectional optative absent,Special imperative  special negative,Second singular and second plural,No person marking,NA,No possessive classification,Head marking,NA,Inflectional future exists,No past tense,No grammatical marking,Both the A and P arguments,SVO,TRUE,FALSE,FALSE,FALSE,FALSE,FALSE,FALSE,FALSE,FALSE,FALSE,FALSE,FALSE,FALSE,FALSE,FALSE,TRUE,FALSE,FALSE,FALSE,FALSE,FALSE,FALSE,OK,NA,0,SvAtrvP,medium
Maricopa,mari1440,NA,universal,-113.1666667,33.16666667,TRUE,TRUE,FALSE,NA,NA,FALSE,TRUE,NA,NA,TRUE,FALSE,FALSE,TRUE,FALSE,TRUE,FALSE,NA,NA,Differentiation,Definite word distinct from demonstrative,No indefinite but definite article,Subject affixes on verb,Interrogativebased,Related for all demonstratives,Five or moreway contrast,Identical,Identical,No gender distinctions,No gender,None,Double negation,Plural stem change,NA,Marked by suffix,Postpositions,NounDemonstrative,ObligDoubleNeg,NA,Mixed,Present,Inflectional optative present,Normal imperative  normal negative,Second singular and second plural,No adpositions,No question particle,Three to five classes,Head marking,Productive full and partial reduplication,Inflectional future exists,No past tense,No grammatical marking,Both the A and P arguments,SOV,FALSE,TRUE,FALSE,FALSE,FALSE,FALSE,FALSE,TRUE,FALSE,FALSE,FALSE,FALSE,FALSE,FALSE,FALSE,NA,NA,NA,NA,NA,NA,NA,NA,NA,NA,SvAtrxP,medium
Martuthunira,mart1255,Southwestern Pama-Nyungan,universal,116.5,-20.83333333,TRUE,FALSE,TRUE,TRUE,FALSE,TRUE,FALSE,NA,NA,TRUE,TRUE,FALSE,TRUE,FALSE,FALSE,TRUE,Differentiation,NA,NA,NA,NA,Optional pronouns in subject position,Interrogativebased,Unrelated,Twoway contrast,Identical,NA,No gender distinctions,No gender,None,Negative particle,Plural suffix,None,No distributive numerals,No adpositions,DemonstrativeNoun,NegV,VOX,Adjoined,Present,Inflectional optative absent,Special imperative  normal negative,Second person numberneutral,No adpositions,No question particle,Two classes,Dependent marking,Full reduplication only,Inflectional future exists,Present no remoteness distinctions,No grammatical marking,No person marking,SVO,FALSE,FALSE,FALSE,FALSE,FALSE,FALSE,FALSE,FALSE,FALSE,FALSE,FALSE,TRUE,FALSE,FALSE,FALSE,NA,NA,NA,NA,NA,NA,NA,NA,NA,0,SvAtrxP,low
Mawng,maun1240,NA,universal,133.5,-11.91666667,TRUE,TRUE,FALSE,TRUE,FALSE,TRUE,FALSE,FALSE,TRUE,TRUE,FALSE,TRUE,FALSE,FALSE,TRUE,FALSE,NA,NA,NA,NA,NA,Subject affixes on verb,NA,Related by gender markers,Threeway contrast,Identical,Differentiated,3rd person only but also nonsingular,Semantic,Five or more,Negative particle,Plural word,NA,NA,Prepositions,DemonstrativeNoun,NegV,VOX,NounRelative clause,Absent,NA,Special imperative  special negative,Second singular and second plural,No person marking,Initial,Two classes,No marking,Productive full and partial reduplication,Inflectional future exists,Present no remoteness distinctions,Grammatical marking,Both the A and P arguments,SVO,FALSE,FALSE,FALSE,FALSE,FALSE,FALSE,FALSE,TRUE,FALSE,FALSE,FALSE,FALSE,FALSE,FALSE,FALSE,NA,NA,NA,NA,NA,NA,NA,NA,NA,0,SvAtrvP,low
Maybrat-Karon,maib1239,South Bird’s Head,universal,132.5,-1.333333333,FALSE,FALSE,FALSE,FALSE,TRUE,FALSE,TRUE,FALSE,TRUE,TRUE,TRUE,FALSE,TRUE,FALSE,TRUE,FALSE,NA,NA,Identity,Definite word distinct from demonstrative,No indefinite but definite article,Optional pronouns in subject position,Genericnounbased,Related by gender markers,Threeway contrast,Identical,NA,3rd person singular only,Semantic,Two,Negative particle,No plural,Firstoneth twoth threeth,No distributive numerals,Prepositions,NounDemonstrative,VNeg,VOX,NounRelative clause,Absent,Inflectional optative absent,Normal imperative  special negative,No secondperson imperatives,Pronouns and nouns,Final,Two classes,Dependent marking,Productive full and partial reduplication,No inflectional future,No past tense,No grammatical marking,Only the A argument,SVO,FALSE,FALSE,FALSE,TRUE,FALSE,FALSE,FALSE,FALSE,FALSE,FALSE,FALSE,FALSE,FALSE,FALSE,FALSE,NA,NA,NA,NA,NA,NA,NA,ungrammatical,NA,8,SvAtrvP,low
Modern Greek,mode1248,Greek-Armenian,universal,22,39,TRUE,FALSE,FALSE,TRUE,FALSE,TRUE,FALSE,TRUE,FALSE,FALSE,TRUE,TRUE,FALSE,TRUE,NA,NA,Identity,And different from with,Identity,Definite word distinct from demonstrative,Indefinite word same as one,Subject affixes on verb,Interrogativebased,NA,Threeway contrast,Identical,Differentiated,3rd person singular only,Semantic and formal,Three,Negative particle,Plural suffix,First second threeth,Marked by preceding word,Prepositions,DemonstrativeNoun,NegV,NA,NounRelative clause,Present,Inflectional optative absent,Special imperative  special negative,Second singular and second plural,No person marking,Initial,No possessive classification,Double marking,No productive reduplication,No inflectional future,Present no remoteness distinctions,Grammatical marking,Both the A and P arguments,No dominant order,TRUE,FALSE,FALSE,FALSE,FALSE,FALSE,FALSE,FALSE,FALSE,FALSE,FALSE,FALSE,FALSE,FALSE,TRUE,TRUE,TRUE,FALSE,FALSE,FALSE,FALSE,TRUE,NA,NA,NA,mixed,low
Modern Hebrew,hebr1245,West Semitic,universal,34.83333333,31.5,TRUE,FALSE,FALSE,TRUE,FALSE,TRUE,FALSE,TRUE,TRUE,FALSE,TRUE,FALSE,TRUE,FALSE,FALSE,TRUE,Identity,And different from with,Identity,Definite affix,Indefinite word same as one,Mixed,Interrogativebased,Related for all demonstratives,Twoway contrast,Identical,Identical,In 3rd person  1st andor 2nd person,Semantic and formal,Two,Negative particle,Plural suffix,First twoth threeth,No distributive numerals,Prepositions,NounDemonstrative,NegV,NA,NounRelative clause,Present,Inflectional optative absent,Special imperative  special negative,Second singular and second plural,Pronouns only,Initial,No possessive classification,Dependent marking,Productive full and partial reduplication,Inflectional future exists,Present no remoteness distinctions,No grammatical marking,Only the A argument,SVO,FALSE,FALSE,FALSE,TRUE,FALSE,FALSE,FALSE,FALSE,FALSE,FALSE,FALSE,FALSE,FALSE,FALSE,FALSE,NA,NA,NA,NA,NA,NA,NA,NA,NA,NA,SvAtrxP,low
Nama (Namibia),nama1264,Khoekhoe,universal,18,-25.5,TRUE,FALSE,TRUE,TRUE,FALSE,TRUE,FALSE,TRUE,FALSE,TRUE,FALSE,TRUE,FALSE,NA,NA,NA,Identity,And different from with,Identity,NA,Indefinite affix,Obligatory pronouns in subject position,NA,Unrelated,Twoway contrast,NA,NA,In 3rd person  1st andor 2nd person,Semantic and formal,Three,Negative particle,Plural suffix,First twoth threeth,NA,Postpositions,DemonstrativeNoun,VNeg,XOV,Relative clauseNoun,Present,Inflectional optative absent,Normal imperative  special negative,No secondperson imperatives,No person marking,Second position,Two classes,Dependent marking,Productive full and partial reduplication,No inflectional future,Present 23 remoteness distinctions,Grammatical marking,Only the P argument,SOV,FALSE,FALSE,TRUE,FALSE,FALSE,FALSE,FALSE,FALSE,FALSE,FALSE,FALSE,FALSE,FALSE,FALSE,FALSE,NA,NA,NA,NA,NA,NA,NA,NA,NA,0,SvAtrxP,low
Oneida,onei1249,Northern Iroquoian,universal,-75.66666667,43,TRUE,TRUE,FALSE,TRUE,FALSE,NA,NA,TRUE,FALSE,TRUE,TRUE,NA,NA,FALSE,TRUE,FALSE,NA,NA,NA,Definite word distinct from demonstrative,No indefinite but definite article,Subject affixes on verb,NA,Unrelated,Twoway contrast,Identical,Differentiated,No gender distinctions,Semantic,Three,Negative particle,Mixed morphological plural,NA,NA,No adpositions,DemonstrativeNoun,OptDoubleNeg,No dominant order,Internally headed,Absent,Inflectional optative absent,Normal imperative  special negative,Second person numberneutral,No adpositions,Second position,No possessive classification,Head marking,No productive reduplication,Inflectional future exists,No past tense,Grammatical marking,Both the A and P arguments,No dominant order,FALSE,FALSE,FALSE,FALSE,FALSE,FALSE,FALSE,TRUE,FALSE,FALSE,FALSE,FALSE,FALSE,FALSE,FALSE,NA,NA,NA,NA,NA,NA,NA,NA,NA,0,NA,medium
Paraguayan Guaraní,para1311,Tupi-Guaraní,universal,-56,-26,TRUE,FALSE,TRUE,FALSE,TRUE,TRUE,FALSE,NA,NA,TRUE,FALSE,FALSE,TRUE,FALSE,TRUE,FALSE,Differentiation,And different from with,Identity,Definite word distinct from demonstrative,No indefinite but definite article,Subject affixes on verb,Mixed,Unrelated,Threeway contrast,Different stem,NA,No gender distinctions,No gender,None,Double negation,Plural word,Firstoneth twoth threeth,NA,Postpositions,DemonstrativeNoun,ObligDoubleNeg,VOX,NA,Absent,Inflectional optative present,Special imperative  special negative,Second singular,Pronouns only,NA,No possessive classification,Head marking,NA,Inflectional future exists,Present no remoteness distinctions,No grammatical marking,Both the A and P arguments,SVO,FALSE,FALSE,FALSE,FALSE,FALSE,FALSE,FALSE,TRUE,FALSE,FALSE,FALSE,FALSE,FALSE,FALSE,FALSE,NA,NA,NA,NA,NA,NA,NA,NA,NA,0,SvAtrvP,medium
Paumari,paum1247,NA,universal,-64,-6,NA,NA,NA,TRUE,FALSE,FALSE,TRUE,NA,NA,TRUE,FALSE,FALSE,TRUE,FALSE,TRUE,TRUE,NA,NA,NA,No definite or indefinite article,No definite or indefinite article,Subject affixes on verb,NA,Related for all demonstratives,Threeway contrast,Identical,Differentiated,3rd person singular only,Semantic,Four,Variation between negative word and affix,No plural,NA,NA,Postpositions,DemonstrativeNoun,Type 1  Type 4,No dominant order,NounRelative clause,Present,Inflectional optative absent,Normal imperative  special negative,Second singular and second plural,No person marking,No question particle,Two classes,Head marking,Productive full and partial reduplication,NA,NA,NA,Only the A argument,SVO,FALSE,FALSE,FALSE,FALSE,FALSE,FALSE,FALSE,TRUE,FALSE,FALSE,FALSE,FALSE,FALSE,FALSE,FALSE,NA,NA,NA,NA,NA,NA,NA,NA,NA,0,NA,NA
Pirahã,pira1253,NA,universal,-62,-7,FALSE,FALSE,FALSE,FALSE,TRUE,FALSE,TRUE,NA,NA,TRUE,FALSE,FALSE,TRUE,NA,NA,NA,Differentiation,NA,Identity,No definite or indefinite article,No definite or indefinite article,NA,Mixed,Related to remote demonstratives,Twoway contrast,Identical,Differentiated,3rd person only but also nonsingular,Semantic,Four,Negative affix,No plural,NA,NA,Postpositions,NounDemonstrative,VNeg,XOV,NA,Absent,Inflectional optative absent,NA,No secondperson imperatives,No person marking,Final,No possessive classification,No marking,No productive reduplication,No inflectional future,No past tense,Grammatical marking,Both the A and P arguments,SOV,FALSE,FALSE,FALSE,FALSE,FALSE,FALSE,FALSE,TRUE,FALSE,FALSE,FALSE,FALSE,FALSE,FALSE,FALSE,NA,NA,NA,NA,NA,NA,NA,NA,NA,0,SvAtrvP,medium
Plateau Malagasy,plat1254,NA,universal,47,-20,TRUE,FALSE,TRUE,TRUE,FALSE,FALSE,TRUE,NA,NA,FALSE,TRUE,FALSE,TRUE,TRUE,NA,NA,NA,And different from with,NA,Definite word distinct from demonstrative,No indefinite but definite article,Obligatory pronouns in subject position,Genericnounbased,NA,Five or moreway contrast,Identical,Identical,No gender distinctions,No gender,None,Negative particle,No plural,First twoth threeth,Marked by following word,Prepositions,Demonstrative before and after Noun,NegV,VOX,NounRelative clause,Present,Inflectional optative absent,Special imperative  special negative,Second person numberneutral,Pronouns only,In either of two positions,No possessive classification,Other,Productive full and partial reduplication,No inflectional future,No past tense,Grammatical marking,No person marking,VOS,NA,NA,NA,NA,NA,NA,NA,NA,NA,NA,NA,NA,NA,NA,NA,NA,NA,NA,NA,NA,NA,NA,NA,NA,NA,NA,NA
Popti',popt1235,Greater Kanjobalan,universal,-91.66666667,15.66666667,TRUE,TRUE,FALSE,TRUE,FALSE,TRUE,FALSE,TRUE,FALSE,FALSE,TRUE,TRUE,FALSE,FALSE,TRUE,FALSE,Differentiation,And identical to with,Differentiation,No definite but indefinite article,Indefinite word same as one,Mixed,Interrogativebased,Unrelated,Twoway contrast,NA,NA,No gender distinctions,NA,NA,Negative particle,Plural word,Firstoneth twoth threeth,NA,Prepositions,NounDemonstrative,NegV,NA,NounRelative clause,Present,Inflectional optative absent,Special imperative  normal negative,Second singular and second plural,Pronouns and nouns,No question particle,No possessive classification,Head marking,Productive full and partial reduplication,No inflectional future,No past tense,Grammatical marking,Both the A and P arguments,VSO,FALSE,FALSE,FALSE,FALSE,FALSE,FALSE,FALSE,TRUE,FALSE,FALSE,FALSE,FALSE,FALSE,FALSE,FALSE,NA,NA,NA,NA,NA,NA,NA,NA,NA,NA,SvAtrvP,low
Rama,rama1270,Rama,universal,-83.75,11.75,FALSE,FALSE,FALSE,FALSE,TRUE,FALSE,TRUE,FALSE,TRUE,TRUE,FALSE,FALSE,TRUE,FALSE,TRUE,FALSE,NA,NA,NA,Definite word distinct from demonstrative,Indefinite word distinct from one,Subject affixes on verb,NA,Related for all demonstratives,Twoway contrast,NA,Differentiated,No gender distinctions,No gender,None,Negative particle,Plural clitic,NA,NA,Postpositions,DemonstrativeNoun,Type 1  Type 4,No dominant order,NA,Absent,Inflectional optative absent,Special imperative  special negative,Second singular and second plural,Pronouns only,NA,Two classes,Other,NA,Inflectional future exists,Present no remoteness distinctions,No grammatical marking,Only the A argument,SOV,FALSE,FALSE,FALSE,TRUE,FALSE,FALSE,FALSE,FALSE,FALSE,FALSE,FALSE,FALSE,FALSE,FALSE,FALSE,NA,NA,NA,NA,NA,NA,NA,NA,NA,NA,mixed,low
Rapanui,rapa1244,Malayo-Polynesian,universal,-109.3666667,-27.11666667,TRUE,TRUE,FALSE,NA,NA,TRUE,FALSE,NA,NA,FALSE,TRUE,FALSE,TRUE,NA,NA,NA,Differentiation,NA,NA,Definite word distinct from demonstrative,Indefinite word same as one,Optional pronouns in subject position,NA,Related to remote demonstratives,Threeway contrast,Identical,Identical,No gender distinctions,No gender,None,Negative word unclear if verb or particle,Plural word,First twoth threeth,NA,Prepositions,NounDemonstrative,OptDoubleNeg,NA,NounRelative clause,Absent,Inflectional optative absent,Normal imperative  normal negative,No secondperson imperatives,No person marking,Initial,Two classes,Dependent marking,Full reduplication only,No inflectional future,Present no remoteness distinctions,No grammatical marking,No person marking,VSO,FALSE,FALSE,FALSE,TRUE,FALSE,FALSE,FALSE,FALSE,FALSE,FALSE,FALSE,FALSE,FALSE,FALSE,FALSE,NA,NA,NA,NA,NA,NA,NA,NA,NA,0,NA,low
Russian,russ1263,Balto-Slavic,universal,38,56,TRUE,FALSE,FALSE,TRUE,FALSE,TRUE,FALSE,TRUE,FALSE,FALSE,TRUE,TRUE,FALSE,TRUE,NA,NA,Mixed,And different from with,Identity,No definite or indefinite article,No definite or indefinite article,Obligatory pronouns in subject position,Interrogativebased,NA,Twoway contrast,Identical,Differentiated,3rd person singular only,Semantic and formal,Three,Negative particle,Plural suffix,First second threeth,Marked by preceding word,Prepositions,DemonstrativeNoun,NegV,NA,NounRelative clause,Present,Inflectional optative absent,Normal imperative  normal negative,Second singular and second plural,No person marking,Second position,No possessive classification,Dependent marking,No productive reduplication,No inflectional future,Present no remoteness distinctions,Grammatical marking,Only the A argument,SVO,FALSE,FALSE,FALSE,FALSE,FALSE,FALSE,FALSE,FALSE,FALSE,TRUE,FALSE,FALSE,FALSE,FALSE,FALSE,NA,NA,NA,NA,NA,NA,NA,OK,flexibleadjacent,0,SvAtrxP,low
San Miguel El Grande Mixtec,sanm1295,Mixtecan,universal,-97.58333333,17.05,NA,NA,NA,TRUE,FALSE,TRUE,FALSE,TRUE,TRUE,FALSE,TRUE,FALSE,TRUE,TRUE,NA,NA,NA,NA,Identity,No definite or indefinite article,No definite or indefinite article,Mixed,NA,Unrelated,Twoway contrast,NA,Identical,No gender distinctions,Semantic,Five or more,Negative particle,Plural word,None,NA,Prepositions,NounDemonstrative,NegV,VOX,NounRelative clause,Absent,Inflectional optative absent,Normal imperative  special negative,Second person numberneutral,Pronouns only,No question particle,No possessive classification,No marking,NA,Inflectional future exists,No past tense,Grammatical marking,Only the A argument,VSO,FALSE,FALSE,TRUE,FALSE,FALSE,FALSE,FALSE,FALSE,FALSE,FALSE,FALSE,FALSE,FALSE,FALSE,FALSE,NA,NA,NA,NA,NA,NA,NA,NA,NA,0,NA,low
Sango,sang1328,NA,universal,18,5,FALSE,FALSE,FALSE,FALSE,TRUE,FALSE,TRUE,FALSE,TRUE,FALSE,TRUE,TRUE,FALSE,TRUE,NA,NA,Identity,And identical to with,Identity,Definite word distinct from demonstrative,NA,Subject affixes on verb,Genericnounbased,Unrelated,NA,NA,NA,No gender distinctions,No gender,None,Negative particle,Plural prefix,NA,NA,Prepositions,NounDemonstrative,VNeg,VOX,NounRelative clause,Absent,NA,Normal imperative  normal negative,No secondperson imperatives,No person marking,Final,No possessive classification,Dependent marking,NA,No inflectional future,No past tense,No grammatical marking,No person marking,SVO,FALSE,FALSE,FALSE,TRUE,FALSE,FALSE,FALSE,FALSE,FALSE,FALSE,FALSE,FALSE,FALSE,FALSE,FALSE,NA,NA,NA,NA,NA,NA,NA,NA,NA,NA,SvAtrvP,low
Southern Yukaghir,sout2750,NA,universal,150.8333333,65.75,TRUE,FALSE,TRUE,FALSE,TRUE,TRUE,FALSE,NA,NA,TRUE,FALSE,TRUE,FALSE,FALSE,FALSE,TRUE,Differentiation,And different from with,Differentiation,No definite or indefinite article,No definite or indefinite article,Subject affixes on verb,Interrogativebased,Unrelated,Twoway contrast,Different stem,NA,No gender distinctions,No gender,None,Negative affix,Plural suffix,First twoth threeth,No distributive numerals,Postpositions,DemonstrativeNoun,NegV,NA,Relative clauseNoun,Absent,Inflectional optative absent,Normal imperative  special negative,Second singular and second plural,No person marking,No question particle,Two classes,No marking,No productive reduplication,Inflectional future exists,No past tense,No grammatical marking,Only the A argument,SOV,FALSE,FALSE,FALSE,FALSE,FALSE,FALSE,FALSE,FALSE,TRUE,FALSE,FALSE,FALSE,FALSE,FALSE,FALSE,NA,NA,NA,NA,NA,NA,NA,ungrammatical,NA,NA,NA,NA
Spanish,stan1288,Italic-Celtic,universal,-4,40,TRUE,FALSE,FALSE,TRUE,FALSE,TRUE,FALSE,TRUE,FALSE,FALSE,TRUE,FALSE,TRUE,TRUE,NA,NA,NA,And different from with,Identity,Definite word distinct from demonstrative,Indefinite word same as one,Subject affixes on verb,Special,Unrelated,Threeway contrast,Identical,Differentiated,In 3rd person  1st andor 2nd person,Semantic and formal,Two,Negative particle,Plural suffix,First second threeth,No distributive numerals,Prepositions,DemonstrativeNoun,NegV,VOX,NounRelative clause,Present,Inflectional optative absent,Special imperative  normal negative,Second singular and second plural,No person marking,No question particle,No possessive classification,Dependent marking,No productive reduplication,Inflectional future exists,Present no remoteness distinctions,Grammatical marking,Both the A and P arguments,SVO,TRUE,FALSE,FALSE,TRUE,FALSE,FALSE,FALSE,FALSE,FALSE,FALSE,FALSE,FALSE,FALSE,FALSE,FALSE,NA,NA,NA,NA,NA,NA,NA,OK,NA,0,SvAtrxP,low
Supyire Senoufo,supy1237,Northern Senufo,universal,-5.583333333,11.5,TRUE,TRUE,FALSE,TRUE,TRUE,FALSE,TRUE,NA,NA,TRUE,FALSE,FALSE,TRUE,TRUE,NA,NA,Mixed,NA,Differentiation,Definite affix,Indefinite word distinct from one,Obligatory pronouns in subject position,NA,Related for all demonstratives,No distance contrast,Identical,Differentiated,3rd person only but also nonsingular,Semantic and formal,Five or more,Negative particle,Plural suffix,First twoth threeth,Marked by reduplication,Postpositions,DemonstrativeNoun,OptDoubleNeg,OVX,Correlative,Absent,Inflectional optative absent,Normal imperative  special negative,Second singular,No person marking,Final,No possessive classification,Head marking,NA,No inflectional future,Present 23 remoteness distinctions,Grammatical marking,No person marking,SOV,FALSE,TRUE,FALSE,FALSE,FALSE,FALSE,FALSE,FALSE,FALSE,FALSE,FALSE,FALSE,FALSE,FALSE,FALSE,NA,NA,NA,NA,NA,NA,NA,NA,NA,0,SvAtrvP,low
Swahili,swah1253,Bantoid,universal,39,-6.5,TRUE,FALSE,TRUE,FALSE,TRUE,FALSE,TRUE,NA,NA,FALSE,TRUE,FALSE,TRUE,FALSE,FALSE,TRUE,Differentiation,And identical to with,NA,Demonstrative word used as definite article,NA,Subject affixes on verb,Genericnounbased,NA,Twoway contrast,Identical,Differentiated,3rd person only but also nonsingular,Semantic and formal,Five or more,Negative affix,Plural prefix,First second threeth,Marked by reduplication,Prepositions,NounDemonstrative,NegV,NA,NounRelative clause,Present,Inflectional optative absent,Special imperative  special negative,Second singular and second plural,No person marking,Initial,No possessive classification,Dependent marking,Productive full and partial reduplication,Inflectional future exists,Present no remoteness distinctions,No grammatical marking,Both the A and P arguments,SVO,TRUE,FALSE,FALSE,FALSE,FALSE,FALSE,FALSE,FALSE,FALSE,FALSE,FALSE,FALSE,FALSE,FALSE,FALSE,TRUE,TRUE,FALSE,FALSE,FALSE,FALSE,FALSE,NA,flexiblerelational,NA,SvAtrvP,medium
Tagalog,taga1270,Malayo-Polynesian,universal,121,15,TRUE,FALSE,TRUE,TRUE,FALSE,TRUE,FALSE,NA,NA,FALSE,TRUE,TRUE,TRUE,NA,NA,NA,Differentiation,And different from with,Identity,NA,NA,NA,Existential construction,Unrelated,Threeway contrast,Identical,Differentiated,No gender distinctions,Semantic,Two,Negative particle,Plural word,First twoth threeth,Marked by mixed or other strategies,NA,Mixed,NegV,NA,NounRelative clause,Absent,Inflectional optative present,Normal imperative  special negative,Second singular and second plural,No adpositions,Second position,No possessive classification,Other,Productive full and partial reduplication,Inflectional future exists,No past tense,Grammatical marking,No person marking,VSO,FALSE,FALSE,FALSE,TRUE,FALSE,FALSE,FALSE,FALSE,FALSE,FALSE,FALSE,FALSE,FALSE,FALSE,FALSE,NA,NA,NA,NA,NA,NA,NA,NA,NA,0,NA,low
Thai,thai1261,NA,universal,101,16,TRUE,FALSE,TRUE,FALSE,TRUE,FALSE,TRUE,FALSE,TRUE,FALSE,TRUE,FALSE,TRUE,TRUE,NA,NA,Differentiation,And different from with,Identity,No definite but indefinite article,Indefinite word distinct from one,Optional pronouns in subject position,Interrogativebased,Unrelated,NA,NA,Identical,No gender distinctions,No gender,None,Negative auxiliary verb,NA,Firstoneth twoth threeth,No distributive numerals,Prepositions,NounDemonstrative,NegV,VOX,NounRelative clause,Present,Inflectional optative absent,Normal imperative  special negative,No secondperson imperatives,No person marking,Final,No possessive classification,Dependent marking,Productive full and partial reduplication,No inflectional future,No past tense,No grammatical marking,No person marking,SVO,FALSE,FALSE,FALSE,TRUE,FALSE,FALSE,FALSE,FALSE,FALSE,FALSE,FALSE,FALSE,FALSE,FALSE,FALSE,NA,NA,NA,NA,NA,NA,NA,NA,NA,20,SvAtrvP,low
Tiwi,tiwi1244,NA,universal,131,-11.5,TRUE,FALSE,TRUE,TRUE,TRUE,TRUE,FALSE,NA,NA,TRUE,FALSE,TRUE,FALSE,TRUE,NA,NA,NA,And different from with,Both expressed by juxtaposition,No definite or indefinite article,No definite or indefinite article,Subject affixes on verb,Interrogativebased,NA,Twoway contrast,Identical,Identical,3rd person singular only,Semantic,Two,Negative particle,Plural suffix,None,Marked by suffix,Prepositions,DemonstrativeNoun,NegV,VOX,NounRelative clause,Absent,Inflectional optative absent,Special imperative  special negative,Second singular and second plural,No person marking,Final,Two classes,No marking,Productive full and partial reduplication,Inflectional future exists,Present no remoteness distinctions,No grammatical marking,Both the A and P arguments,SVO,FALSE,FALSE,FALSE,FALSE,FALSE,FALSE,FALSE,TRUE,FALSE,FALSE,FALSE,FALSE,FALSE,FALSE,FALSE,NA,NA,NA,NA,NA,NA,NA,NA,NA,0,SvAtrvP,medium
Turkish,nucl1301,Common Turkic,universal,35,39,TRUE,FALSE,TRUE,FALSE,TRUE,TRUE,FALSE,TRUE,FALSE,TRUE,FALSE,TRUE,FALSE,FALSE,FALSE,TRUE,Identity,And different from with,Identity,No definite but indefinite article,Indefinite word same as one,Subject affixes on verb,Genericnounbased,Related to remote demonstratives,Twoway contrast,Different inflection,Identical,No gender distinctions,No gender,None,Negative affix,Plural suffix,Firstoneth twoth threeth,Marked by suffix,Postpositions,DemonstrativeNoun,VNeg,XOV,Relative clauseNoun,Present,Inflectional optative absent,Normal imperative  normal negative,Second singular and second plural,No person marking,Final,No possessive classification,Double marking,Productive full and partial reduplication,Inflectional future exists,Present no remoteness distinctions,Grammatical marking,Only the A argument,SOV,FALSE,FALSE,FALSE,FALSE,FALSE,FALSE,FALSE,FALSE,FALSE,FALSE,FALSE,FALSE,FALSE,FALSE,TRUE,NA,NA,NA,NA,NA,NA,NA,OK,fixedpremain,NA,SvAtrxP,medium
Vietnamese,viet1252,Eastern Mon-Khmer,universal,106.5,10.5,TRUE,FALSE,TRUE,FALSE,TRUE,TRUE,FALSE,NA,NA,FALSE,TRUE,FALSE,TRUE,TRUE,NA,NA,NA,And different from with,Identity,Definite word distinct from demonstrative,NA,Optional pronouns in subject position,Interrogativebased,Related to remote demonstratives,Twoway contrast,NA,Identical,No gender distinctions,No gender,None,Negative word unclear if verb or particle,Plural word,Various,No distributive numerals,Prepositions,NounDemonstrative,NegV,VOX,NounRelative clause,Present,Inflectional optative absent,Normal imperative  special negative,No secondperson imperatives,No person marking,Final,No possessive classification,No marking,Productive full and partial reduplication,No inflectional future,No past tense,No grammatical marking,No person marking,SVO,FALSE,FALSE,TRUE,FALSE,FALSE,FALSE,FALSE,FALSE,FALSE,FALSE,FALSE,FALSE,FALSE,FALSE,FALSE,NA,NA,NA,NA,NA,NA,NA,NA,NA,NA,SvAtrvP,low
Warao,wara1303,NA,universal,-61.66666667,9.333333333,TRUE,TRUE,FALSE,TRUE,FALSE,FALSE,TRUE,FALSE,TRUE,TRUE,FALSE,FALSE,TRUE,FALSE,TRUE,FALSE,Differentiation,NA,Both expressed by juxtaposition,NA,NA,NA,Mixed,Related to nonremote demonstratives,Threeway contrast,Different stem,Identical,No gender distinctions,No gender,None,Negative affix,Plural suffix,First two three,No distributive numerals,Postpositions,DemonstrativeNoun,VNeg,NA,NA,Present,Inflectional optative absent,Normal imperative  normal negative,Second singular and second plural,No person marking,No question particle,No possessive classification,Other,NA,No inflectional future,Present no remoteness distinctions,No grammatical marking,Only the P argument,NA,FALSE,FALSE,FALSE,FALSE,FALSE,FALSE,FALSE,TRUE,FALSE,FALSE,FALSE,FALSE,FALSE,FALSE,FALSE,NA,NA,NA,NA,NA,NA,NA,NA,NA,0,SvAtrvP,low
Wari',wari1268,NA,universal,-65,-11.33333333,TRUE,TRUE,FALSE,TRUE,FALSE,NA,NA,TRUE,TRUE,FALSE,TRUE,NA,NA,FALSE,FALSE,TRUE,NA,NA,Identity,No definite or indefinite article,No definite or indefinite article,Subject pronouns in different position,NA,Unrelated,Threeway contrast,Different stem,Differentiated,3rd person only but also nonsingular,Semantic,Three,Negative word unclear if verb or particle,Plural word,None,No distributive numerals,Prepositions,NounDemonstrative,NegV,VOX,NounRelative clause,Present,Inflectional optative absent,Normal imperative  special negative,No secondperson imperatives,Pronouns and nouns,No question particle,Three to five classes,Head marking,Productive full and partial reduplication,No inflectional future,No past tense,No grammatical marking,Both the A and P arguments,VOS,FALSE,FALSE,FALSE,FALSE,TRUE,FALSE,FALSE,FALSE,FALSE,FALSE,FALSE,FALSE,FALSE,FALSE,FALSE,NA,NA,NA,NA,NA,NA,NA,NA,NA,0,SvAtrvP,low
Western Farsi,west2369,Indo-Iranian,universal,54,32,TRUE,FALSE,TRUE,FALSE,TRUE,TRUE,FALSE,TRUE,FALSE,FALSE,TRUE,FALSE,TRUE,TRUE,NA,NA,Identity,And different from with,Identity,No definite but indefinite article,NA,Subject affixes on verb,Genericnounbased,Related for nonhuman reference,Twoway contrast,Different inflection,Identical,3rd person singular only,No gender,None,Negative affix,Plural suffix,Firstoneth twoth threeth,No distributive numerals,Prepositions,DemonstrativeNoun,NegV,NA,NounRelative clause,Present,Inflectional optative absent,Normal imperative  normal negative,Second singular,Pronouns only,Initial,No possessive classification,Head marking,Productive full and partial reduplication,No inflectional future,Present no remoteness distinctions,Grammatical marking,Both the A and P arguments,SOV,FALSE,FALSE,FALSE,FALSE,FALSE,FALSE,FALSE,FALSE,TRUE,FALSE,FALSE,FALSE,FALSE,FALSE,FALSE,NA,NA,NA,NA,NA,NA,NA,NA,NA,NA,SvAtrxP,low
Western Keres,west2632,NA,universal,-107.5833333,34.91666667,NA,NA,NA,NA,NA,TRUE,TRUE,NA,NA,TRUE,FALSE,TRUE,TRUE,FALSE,TRUE,FALSE,Differentiation,NA,Identity,No definite or indefinite article,No definite or indefinite article,Subject affixes on verb,Interrogativebased,NA,Threeway contrast,Identical,NA,NA,No gender,None,Negative particle,Plural suffix,Firstoneth twoth threeth,NA,Postpositions,DemonstrativeNoun,Type 1  Type 4,No dominant order,NA,Absent,Inflectional optative absent,Normal imperative  special negative,Second singular and second plural,No person marking,NA,No possessive classification,Head marking,NA,No inflectional future,No past tense,No grammatical marking,Both the A and P arguments,No dominant order,FALSE,FALSE,FALSE,FALSE,FALSE,FALSE,FALSE,TRUE,FALSE,FALSE,FALSE,FALSE,FALSE,FALSE,FALSE,NA,NA,NA,NA,NA,NA,NA,NA,NA,0,SvAtrvP,low
Wubuy,nung1290,Ngandi-Nunggubuyu,universal,135.6666667,-13.75,TRUE,FALSE,TRUE,TRUE,FALSE,NA,NA,NA,NA,TRUE,TRUE,TRUE,TRUE,NA,NA,NA,NA,NA,NA,No definite or indefinite article,No definite or indefinite article,Subject affixes on verb,Interrogativebased,Unrelated,Threeway contrast,Identical,Differentiated,In 3rd person  1st andor 2nd person,Semantic and formal,Five or more,Negative particle,Plural prefix,None,NA,No adpositions,DemonstrativeNoun,NegV,No dominant order,NounRelative clause,Absent,Inflectional optative absent,Normal imperative  special negative,No secondperson imperatives,No adpositions,In either of two positions,Two classes,Dependent marking,Productive full and partial reduplication,NA,NA,NA,Both the A and P arguments,No dominant order,NA,NA,NA,NA,NA,NA,NA,NA,NA,NA,NA,NA,NA,NA,NA,NA,NA,NA,NA,NA,NA,NA,NA,NA,0,SvAtrvP,low
Yagua,yagu1244,NA,universal,-72,-3.5,TRUE,TRUE,FALSE,TRUE,FALSE,TRUE,FALSE,TRUE,FALSE,TRUE,FALSE,FALSE,TRUE,FALSE,TRUE,FALSE,NA,NA,Both expressed by juxtaposition,No definite or indefinite article,No definite or indefinite article,Subject clitics on variable host,Special,Related for nonhuman reference,Twoway contrast,Identical,NA,No gender distinctions,NA,NA,Negative particle,Plural suffix,NA,NA,Postpositions,DemonstrativeNoun,NegV,NA,NounRelative clause,Absent,Inflectional optative absent,Normal imperative  normal negative,No secondperson imperatives,Pronouns and nouns,Second position,No possessive classification,Head marking,No productive reduplication,No inflectional future,Present 4 or more remoteness distinctions,Grammatical marking,Both the A and P arguments,No dominant order,FALSE,FALSE,TRUE,FALSE,FALSE,FALSE,FALSE,FALSE,FALSE,FALSE,FALSE,FALSE,FALSE,FALSE,FALSE,NA,NA,NA,NA,NA,NA,NA,NA,NA,NA,SvAtrvP,medium
Yaqui,yaqu1251,Southern Uto-Aztecan,universal,-110.25,27.5,TRUE,TRUE,FALSE,FALSE,TRUE,TRUE,FALSE,TRUE,FALSE,TRUE,FALSE,TRUE,FALSE,TRUE,NA,NA,Differentiation,And different from with,Identity,No definite but indefinite article,Indefinite word distinct from one,Mixed,Interrogativebased,Unrelated,NA,NA,Differentiated,No gender distinctions,No gender,None,Negative particle,Plural suffix,Oneth twoth threeth,NA,Postpositions,DemonstrativeNoun,NegV,NA,NounRelative clause,Present,Inflectional optative absent,Special imperative  special negative,Second singular and second plural,No person marking,Initial,No possessive classification,Double marking,Productive full and partial reduplication,Inflectional future exists,Present no remoteness distinctions,Grammatical marking,No person marking,SOV,FALSE,FALSE,FALSE,FALSE,FALSE,FALSE,FALSE,FALSE,FALSE,FALSE,FALSE,TRUE,FALSE,FALSE,FALSE,NA,NA,NA,NA,NA,NA,NA,NA,NA,NA,mixed,medium
Yoruba,yoru1245,Yoruboid,universal,4.333333333,8,TRUE,TRUE,FALSE,TRUE,FALSE,FALSE,TRUE,NA,NA,FALSE,TRUE,FALSE,TRUE,TRUE,NA,NA,Differentiation,And identical to with,Differentiation,No definite or indefinite article,No definite or indefinite article,Optional pronouns in subject position,Genericnounbased,Unrelated,Twoway contrast,Identical,Differentiated,No gender distinctions,No gender,None,Negative word unclear if verb or particle,Plural word,Oneth twoth threeth,Marked by reduplication,Prepositions,NounDemonstrative,NegV,NA,NounRelative clause,Absent,Inflectional optative absent,NA,No secondperson imperatives,No person marking,No question particle,No possessive classification,Head marking,Productive full and partial reduplication,No inflectional future,No past tense,No grammatical marking,No person marking,SVO,FALSE,FALSE,TRUE,FALSE,FALSE,FALSE,FALSE,FALSE,FALSE,FALSE,FALSE,FALSE,FALSE,FALSE,FALSE,NA,NA,NA,NA,NA,NA,NA,NA,NA,0,mixed,low